-- MariaDB dump 10.19  Distrib 10.5.12-MariaDB, for Linux (x86_64)
--
-- Host: mysql.hostinger.ro    Database: u574849695_18
-- ------------------------------------------------------
-- Server version	10.5.12-MariaDB-cll-lve

/*!40101 SET @OLD_CHARACTER_SET_CLIENT=@@CHARACTER_SET_CLIENT */;
/*!40101 SET @OLD_CHARACTER_SET_RESULTS=@@CHARACTER_SET_RESULTS */;
/*!40101 SET @OLD_COLLATION_CONNECTION=@@COLLATION_CONNECTION */;
/*!40101 SET NAMES utf8mb4 */;
/*!40103 SET @OLD_TIME_ZONE=@@TIME_ZONE */;
/*!40103 SET TIME_ZONE='+00:00' */;
/*!40014 SET @OLD_UNIQUE_CHECKS=@@UNIQUE_CHECKS, UNIQUE_CHECKS=0 */;
/*!40014 SET @OLD_FOREIGN_KEY_CHECKS=@@FOREIGN_KEY_CHECKS, FOREIGN_KEY_CHECKS=0 */;
/*!40101 SET @OLD_SQL_MODE=@@SQL_MODE, SQL_MODE='NO_AUTO_VALUE_ON_ZERO' */;
/*!40111 SET @OLD_SQL_NOTES=@@SQL_NOTES, SQL_NOTES=0 */;

--
-- Table structure for table `communities`
--

USE vk;

DROP TABLE IF EXISTS `communities`;
/*!40101 SET @saved_cs_client     = @@character_set_client */;
/*!40101 SET character_set_client = utf8 */;
CREATE TABLE `communities` (
  `id` bigint(20) unsigned NOT NULL AUTO_INCREMENT,
  `name` varchar(150) COLLATE utf8mb4_unicode_ci DEFAULT NULL,
  `admin_user_id` bigint(20) unsigned DEFAULT NULL,
  PRIMARY KEY (`id`),
  KEY `communities_name_idx` (`name`),
  KEY `admin_user_id` (`admin_user_id`),
  CONSTRAINT `communities_ibfk_1` FOREIGN KEY (`admin_user_id`) REFERENCES `users` (`id`) ON DELETE SET NULL ON UPDATE CASCADE
) ENGINE=InnoDB AUTO_INCREMENT=101 DEFAULT CHARSET=utf8mb4 COLLATE=utf8mb4_unicode_ci;
/*!40101 SET character_set_client = @saved_cs_client */;

--
-- Dumping data for table `communities`
--

LOCK TABLES `communities` WRITE;
/*!40000 ALTER TABLE `communities` DISABLE KEYS */;
INSERT INTO `communities` VALUES (1,'alias',1),(2,'aut',2),(3,'sapiente',3),(4,'ratione',4),(5,'corporis',5),(6,'eum',6),(7,'at',7),(8,'qui',8),(9,'qui',9),(10,'dolorem',10),(11,'modi',11),(12,'impedit',12),(13,'quos',13),(14,'quae',14),(15,'eos',15),(16,'beatae',16),(17,'id',17),(18,'veritatis',18),(19,'culpa',19),(20,'est',20),(21,'reiciendis',21),(22,'facilis',22),(23,'ab',23),(24,'aut',24),(25,'nihil',25),(26,'asperiores',26),(27,'nemo',27),(28,'corporis',28),(29,'dolorem',29),(30,'possimus',30),(31,'sed',31),(32,'quam',32),(33,'voluptas',33),(34,'id',34),(35,'cupiditate',35),(36,'repellendus',36),(37,'minima',37),(38,'ut',38),(39,'consequatur',39),(40,'possimus',40),(41,'aut',41),(42,'accusamus',42),(43,'nisi',43),(44,'deleniti',44),(45,'eius',45),(46,'omnis',46),(47,'sed',47),(48,'blanditiis',48),(49,'exercitationem',49),(50,'voluptatem',50),(51,'perferendis',51),(52,'est',52),(53,'quia',53),(54,'magni',54),(55,'eum',55),(56,'qui',56),(57,'veritatis',57),(58,'id',58),(59,'provident',59),(60,'dolores',60),(61,'ut',61),(62,'distinctio',62),(63,'officia',63),(64,'dolorem',64),(65,'provident',65),(66,'omnis',66),(67,'est',67),(68,'quo',68),(69,'laborum',69),(70,'neque',70),(71,'eveniet',71),(72,'illo',72),(73,'occaecati',73),(74,'rerum',74),(75,'eos',75),(76,'quo',76),(77,'dolorum',77),(78,'ex',78),(79,'et',79),(80,'nam',80),(81,'cum',81),(82,'eveniet',82),(83,'et',83),(84,'et',84),(85,'quia',85),(86,'sapiente',86),(87,'mollitia',87),(88,'debitis',88),(89,'facilis',89),(90,'dignissimos',90),(91,'et',91),(92,'placeat',92),(93,'alias',93),(94,'omnis',94),(95,'itaque',95),(96,'quo',96),(97,'labore',97),(98,'consequatur',98),(99,'tempore',99),(100,'iure',100);
/*!40000 ALTER TABLE `communities` ENABLE KEYS */;
UNLOCK TABLES;

--
-- Table structure for table `friend_requests`
--

DROP TABLE IF EXISTS `friend_requests`;
/*!40101 SET @saved_cs_client     = @@character_set_client */;
/*!40101 SET character_set_client = utf8 */;
CREATE TABLE `friend_requests` (
  `initiator_user_id` bigint(20) unsigned NOT NULL,
  `target_user_id` bigint(20) unsigned NOT NULL,
  `status` enum('requested','approved','declined','unfriended') COLLATE utf8mb4_unicode_ci DEFAULT NULL,
  `requested_at` datetime DEFAULT current_timestamp(),
  `updated_at` datetime DEFAULT NULL ON UPDATE current_timestamp(),
  PRIMARY KEY (`initiator_user_id`,`target_user_id`),
  KEY `target_user_id` (`target_user_id`),
  CONSTRAINT `friend_requests_ibfk_1` FOREIGN KEY (`initiator_user_id`) REFERENCES `users` (`id`) ON DELETE CASCADE ON UPDATE CASCADE,
  CONSTRAINT `friend_requests_ibfk_2` FOREIGN KEY (`target_user_id`) REFERENCES `users` (`id`) ON DELETE CASCADE ON UPDATE CASCADE
) ENGINE=InnoDB DEFAULT CHARSET=utf8mb4 COLLATE=utf8mb4_unicode_ci;
/*!40101 SET character_set_client = @saved_cs_client */;

--
-- Dumping data for table `friend_requests`
--

LOCK TABLES `friend_requests` WRITE;
/*!40000 ALTER TABLE `friend_requests` DISABLE KEYS */;
INSERT INTO `friend_requests` VALUES (1,1,'approved','2009-06-10 15:47:28','1976-06-29 23:19:32'),(2,2,'declined','2020-02-27 20:17:34','1993-06-15 20:51:01'),(3,3,'unfriended','1978-10-04 22:23:54','1989-07-17 05:54:13'),(4,4,'unfriended','1978-10-13 01:45:24','1997-05-03 00:15:34'),(5,5,'requested','2002-02-27 15:46:06','2020-12-24 17:28:35'),(6,6,'requested','1986-03-01 06:36:36','2001-04-11 14:26:16'),(7,7,'declined','2002-07-23 08:24:19','2008-06-05 17:21:38'),(8,8,'approved','1985-05-27 04:05:31','2006-06-24 21:48:17'),(9,9,'unfriended','1979-11-04 02:55:29','2008-09-24 19:44:53'),(10,10,'unfriended','1995-03-29 04:34:25','2001-02-06 18:10:25'),(11,11,'unfriended','2001-09-09 05:41:02','2003-10-13 07:11:40'),(12,12,'approved','1977-01-05 11:18:31','1971-12-21 09:33:46'),(13,13,'declined','1992-04-21 04:00:50','2007-05-14 06:16:36'),(14,14,'requested','2006-04-21 05:24:56','1987-09-29 04:54:50'),(15,15,'declined','2017-09-03 10:50:05','1995-01-31 17:29:55'),(16,16,'requested','1995-02-14 11:09:04','1985-02-18 14:49:07'),(17,17,'declined','1994-04-23 07:08:02','1978-03-16 07:04:06'),(18,18,'approved','1972-03-03 18:18:57','2008-01-02 14:17:18'),(19,19,'unfriended','1972-06-10 15:04:26','2012-03-20 18:32:53'),(20,20,'unfriended','1996-06-20 01:27:00','1976-08-13 08:49:31'),(21,21,'declined','1988-03-30 23:39:42','1995-04-26 00:06:21'),(22,22,'declined','1976-12-10 19:11:01','1988-05-05 00:40:58'),(23,23,'requested','1981-07-10 23:28:18','1980-12-22 01:08:19'),(24,24,'declined','1988-02-07 07:07:13','2018-01-26 14:31:44'),(25,25,'requested','1990-02-14 11:16:03','2020-09-26 07:23:22'),(26,26,'requested','1995-06-19 23:56:21','1992-03-03 09:00:29'),(27,27,'requested','1981-08-22 22:52:54','1997-09-29 06:40:05'),(28,28,'requested','1981-10-27 05:30:45','2001-08-17 01:30:15'),(29,29,'declined','1977-07-16 13:14:54','1971-04-17 10:59:41'),(30,30,'requested','2017-04-04 21:38:24','2011-12-09 08:33:03'),(31,31,'unfriended','1979-06-02 01:52:45','1983-12-28 22:42:59'),(32,32,'requested','1981-07-19 21:04:59','1987-11-05 09:40:48'),(33,33,'requested','1990-03-18 18:39:04','1980-06-19 01:22:15'),(34,34,'approved','2001-06-27 00:41:24','1983-12-07 13:41:31'),(35,35,'approved','2006-10-04 02:13:46','1987-11-02 12:58:04'),(36,36,'declined','1987-03-19 01:15:58','1974-05-26 13:44:14'),(37,37,'unfriended','2015-07-14 14:47:06','1998-02-27 01:17:08'),(38,38,'requested','1975-06-06 16:29:30','2018-07-12 13:39:47'),(39,39,'approved','2004-01-28 14:00:40','2002-01-13 19:21:00'),(40,40,'approved','1992-06-11 06:52:00','1986-06-26 20:54:31'),(41,41,'approved','2018-05-08 21:42:02','1986-06-04 22:19:27'),(42,42,'requested','1971-04-08 23:25:32','2022-10-22 11:10:10'),(43,43,'approved','2002-02-10 01:03:23','1986-06-06 15:43:26'),(44,44,'unfriended','1979-07-10 11:07:09','2015-04-04 23:03:03'),(45,45,'requested','2018-05-09 20:52:42','1990-12-21 00:30:44'),(46,46,'approved','1991-02-12 07:42:04','1991-08-28 04:17:41'),(47,47,'approved','1993-06-08 04:00:53','1981-01-26 04:50:52'),(48,48,'requested','1978-11-09 18:19:57','1973-03-05 22:21:51'),(49,49,'requested','2009-01-30 05:47:00','1978-02-04 18:12:04'),(50,50,'declined','2001-10-23 11:37:26','1989-11-22 07:51:34'),(51,51,'declined','1982-05-25 22:15:39','2014-08-17 01:54:50'),(52,52,'unfriended','1995-04-02 16:03:28','1984-01-06 00:02:07'),(53,53,'unfriended','2005-05-03 10:10:56','1970-08-11 07:12:48'),(54,54,'approved','1999-12-29 02:50:11','2021-07-03 22:49:48'),(55,55,'unfriended','1974-07-09 21:33:31','2017-09-20 14:54:43'),(56,56,'unfriended','1978-12-05 19:42:00','1998-11-26 17:24:05'),(57,57,'approved','1973-05-03 13:01:45','1985-08-30 20:35:43'),(58,58,'unfriended','1980-05-13 13:59:20','1979-02-13 03:12:29'),(59,59,'unfriended','1998-12-08 12:53:52','1980-05-27 19:39:33'),(60,60,'declined','1996-01-02 04:22:50','1983-04-25 12:49:04'),(61,61,'unfriended','1981-10-03 07:27:22','1978-05-20 16:01:08'),(62,62,'unfriended','1984-12-30 23:17:10','1980-06-30 21:48:52'),(63,63,'approved','1998-08-20 08:50:10','2019-10-24 05:11:06'),(64,64,'unfriended','1973-02-22 23:40:40','1983-04-12 20:47:53'),(65,65,'unfriended','1999-09-01 19:35:46','1994-01-08 02:47:13'),(66,66,'declined','2022-10-09 22:12:19','1975-12-02 14:41:03'),(67,67,'unfriended','2007-08-01 20:49:25','2009-12-17 16:55:33'),(68,68,'approved','1999-02-05 02:48:21','2014-01-11 07:42:26'),(69,69,'unfriended','2014-11-21 13:55:57','2001-12-27 07:09:54'),(70,70,'declined','1970-03-21 01:25:27','1999-12-27 19:04:55'),(71,71,'declined','1987-09-22 17:01:13','2003-10-05 13:20:38'),(72,72,'approved','2007-05-18 09:41:18','1996-07-15 17:00:25'),(73,73,'requested','2017-03-06 13:03:29','1978-08-09 19:03:30'),(74,74,'approved','1983-06-05 06:33:18','2019-05-02 14:07:01'),(75,75,'requested','1987-06-08 09:39:38','2011-09-12 08:22:28'),(76,76,'approved','1970-01-08 20:53:57','1987-04-10 05:56:57'),(77,77,'unfriended','1987-02-23 08:29:02','1971-04-22 03:48:40'),(78,78,'approved','1984-12-23 21:16:37','1992-09-07 09:47:33'),(79,79,'declined','1977-10-21 05:34:54','1992-10-18 16:43:22'),(80,80,'requested','1992-02-29 13:18:44','2019-10-29 18:38:08'),(81,81,'unfriended','1981-12-19 10:38:17','1972-09-21 14:36:48'),(82,82,'approved','1980-03-30 22:18:47','1991-04-07 06:08:39'),(83,83,'declined','2015-01-01 04:28:36','1970-12-22 01:26:53'),(84,84,'unfriended','2012-05-28 08:49:38','1973-09-29 06:43:59'),(85,85,'approved','2017-02-17 03:34:51','2010-09-29 15:36:41'),(86,86,'approved','1984-02-19 22:05:24','1979-08-30 05:02:53'),(87,87,'declined','1990-02-07 04:32:44','1989-11-29 20:26:44'),(88,88,'requested','2012-11-23 01:29:36','2012-03-23 01:52:16'),(89,89,'approved','2001-01-12 12:01:02','2005-08-20 17:39:25'),(90,90,'declined','2013-01-20 17:05:53','1981-05-21 01:41:09'),(91,91,'requested','2013-09-27 17:18:31','2014-01-03 09:02:06'),(92,92,'unfriended','1975-05-16 03:49:37','1981-08-26 00:10:32'),(93,93,'unfriended','1972-07-12 17:05:21','2000-07-12 10:28:39'),(94,94,'unfriended','1983-12-30 15:26:03','2006-10-14 04:10:54'),(95,95,'requested','2008-06-18 19:56:24','2002-01-09 03:11:15'),(96,96,'unfriended','2012-08-19 09:59:03','1991-03-09 03:45:11'),(97,97,'declined','1971-07-03 16:10:55','2012-12-11 07:06:13'),(98,98,'requested','1980-07-04 18:04:48','1999-01-24 21:07:03'),(99,99,'declined','1984-05-05 01:39:42','1988-01-20 23:49:10'),(100,100,'requested','2010-05-31 14:51:59','2003-03-23 05:22:16');
/*!40000 ALTER TABLE `friend_requests` ENABLE KEYS */;
UNLOCK TABLES;

--
-- Table structure for table `likes`
--

DROP TABLE IF EXISTS `likes`;
/*!40101 SET @saved_cs_client     = @@character_set_client */;
/*!40101 SET character_set_client = utf8 */;
CREATE TABLE `likes` (
  `id` bigint(20) unsigned NOT NULL AUTO_INCREMENT,
  `user_id` bigint(20) unsigned NOT NULL,
  `media_id` bigint(20) unsigned NOT NULL,
  `created_at` datetime DEFAULT current_timestamp(),
  PRIMARY KEY (`id`),
  KEY `user_id` (`user_id`),
  KEY `media_id` (`media_id`),
  CONSTRAINT `likes_ibfk_1` FOREIGN KEY (`user_id`) REFERENCES `users` (`id`) ON DELETE CASCADE ON UPDATE CASCADE,
  CONSTRAINT `likes_ibfk_2` FOREIGN KEY (`media_id`) REFERENCES `media` (`id`) ON DELETE CASCADE ON UPDATE CASCADE
) ENGINE=InnoDB AUTO_INCREMENT=101 DEFAULT CHARSET=utf8mb4 COLLATE=utf8mb4_unicode_ci;
/*!40101 SET character_set_client = @saved_cs_client */;

--
-- Dumping data for table `likes`
--

LOCK TABLES `likes` WRITE;
/*!40000 ALTER TABLE `likes` DISABLE KEYS */;
INSERT INTO `likes` VALUES (1,1,1,'2016-05-31 04:11:13'),(2,2,2,'2017-06-18 19:21:49'),(3,3,3,'2011-07-09 12:50:21'),(4,4,4,'2000-09-04 16:19:10'),(5,5,5,'1988-10-11 06:00:13'),(6,6,6,'1993-09-15 03:05:26'),(7,7,7,'1990-04-25 20:13:57'),(8,8,8,'2015-06-29 14:12:39'),(9,9,9,'1972-10-11 12:01:16'),(10,10,10,'1996-12-14 04:40:08'),(11,11,11,'1997-03-24 01:54:28'),(12,12,12,'2016-05-23 14:40:31'),(13,13,13,'2008-03-26 02:31:48'),(14,14,14,'1971-12-14 08:23:25'),(15,15,15,'1986-03-21 11:10:57'),(16,16,16,'1973-03-15 12:35:44'),(17,17,17,'1970-06-09 11:45:47'),(18,18,18,'1991-09-25 17:09:25'),(19,19,19,'2007-12-07 17:03:35'),(20,20,20,'1988-07-30 00:37:14'),(21,21,21,'1970-10-14 18:35:05'),(22,22,22,'2002-11-03 14:36:12'),(23,23,23,'1998-02-03 00:23:13'),(24,24,24,'2009-07-13 15:53:43'),(25,25,25,'2012-04-17 20:36:26'),(26,26,26,'1994-04-30 01:24:01'),(27,27,27,'1984-07-23 07:07:07'),(28,28,28,'1987-10-10 12:25:42'),(29,29,29,'1990-09-06 17:35:56'),(30,30,30,'2021-04-26 19:28:09'),(31,31,31,'1984-05-07 16:28:15'),(32,32,32,'1992-01-04 07:58:07'),(33,33,33,'2020-08-16 00:48:55'),(34,34,34,'1976-12-06 11:53:21'),(35,35,35,'1975-03-01 08:02:50'),(36,36,36,'2004-10-17 04:41:32'),(37,37,37,'1976-06-08 05:44:37'),(38,38,38,'1987-10-15 18:17:46'),(39,39,39,'2006-11-22 06:42:35'),(40,40,40,'2016-08-19 03:08:08'),(41,41,41,'1995-01-16 06:21:22'),(42,42,42,'1976-04-29 04:22:58'),(43,43,43,'1974-05-15 12:28:41'),(44,44,44,'2020-08-13 04:13:01'),(45,45,45,'2001-12-10 15:57:15'),(46,46,46,'2019-07-27 05:31:45'),(47,47,47,'1978-01-04 02:21:54'),(48,48,48,'2010-11-12 11:55:14'),(49,49,49,'1980-06-30 04:40:54'),(50,50,50,'1986-01-12 21:19:49'),(51,51,51,'2001-10-11 07:54:49'),(52,52,52,'1983-08-22 04:35:13'),(53,53,53,'1982-06-05 23:32:21'),(54,54,54,'1987-02-10 08:39:01'),(55,55,55,'2002-01-04 05:16:18'),(56,56,56,'2011-08-17 23:38:48'),(57,57,57,'1979-05-16 14:26:52'),(58,58,58,'1985-04-12 08:00:03'),(59,59,59,'2009-05-28 07:41:50'),(60,60,60,'1995-06-26 13:51:11'),(61,61,61,'1994-06-06 12:03:05'),(62,62,62,'1999-04-24 09:45:08'),(63,63,63,'2002-07-21 04:33:49'),(64,64,64,'1970-09-22 18:43:38'),(65,65,65,'1983-09-03 18:17:13'),(66,66,66,'1993-06-13 01:20:44'),(67,67,67,'1985-07-24 01:08:25'),(68,68,68,'1970-10-18 15:23:23'),(69,69,69,'1984-04-27 02:08:20'),(70,70,70,'1986-08-10 03:23:51'),(71,71,71,'1988-10-12 00:26:02'),(72,72,72,'1982-11-26 08:43:02'),(73,73,73,'2021-01-29 13:54:43'),(74,74,74,'1997-04-28 02:34:22'),(75,75,75,'2005-09-04 02:07:59'),(76,76,76,'1985-01-13 19:47:31'),(77,77,77,'1998-06-10 13:14:06'),(78,78,78,'2022-08-07 01:11:17'),(79,79,79,'2018-09-18 00:40:50'),(80,80,80,'2001-01-20 02:50:23'),(81,81,81,'2021-12-18 18:45:58'),(82,82,82,'1976-08-21 23:06:13'),(83,83,83,'1970-08-25 14:39:10'),(84,84,84,'1998-12-11 19:02:21'),(85,85,85,'2020-06-09 20:22:13'),(86,86,86,'1983-05-08 10:24:10'),(87,87,87,'2018-03-01 13:59:53'),(88,88,88,'1974-09-14 23:58:54'),(89,89,89,'2012-05-20 04:18:35'),(90,90,90,'2002-03-14 01:46:24'),(91,91,91,'1988-04-13 06:47:15'),(92,92,92,'2019-01-05 15:35:50'),(93,93,93,'1971-03-26 22:24:51'),(94,94,94,'1997-06-07 18:28:32'),(95,95,95,'2020-05-02 14:29:40'),(96,96,96,'1994-06-20 13:16:46'),(97,97,97,'1994-01-07 04:25:39'),(98,98,98,'2000-04-24 02:35:32'),(99,99,99,'1972-06-13 07:10:14'),(100,100,100,'2007-09-01 02:07:02');
/*!40000 ALTER TABLE `likes` ENABLE KEYS */;
UNLOCK TABLES;

--
-- Table structure for table `media`
--

DROP TABLE IF EXISTS `media`;
/*!40101 SET @saved_cs_client     = @@character_set_client */;
/*!40101 SET character_set_client = utf8 */;
CREATE TABLE `media` (
  `id` bigint(20) unsigned NOT NULL AUTO_INCREMENT,
  `media_type_id` bigint(20) unsigned DEFAULT NULL,
  `user_id` bigint(20) unsigned NOT NULL,
  `body` text COLLATE utf8mb4_unicode_ci DEFAULT NULL,
  `filename` varchar(255) COLLATE utf8mb4_unicode_ci DEFAULT NULL,
  `size` int(11) DEFAULT NULL,
  `metadata` longtext CHARACTER SET utf8mb4 COLLATE utf8mb4_bin DEFAULT NULL CHECK (json_valid(`metadata`)),
  `created_at` datetime DEFAULT current_timestamp(),
  `updated_at` datetime DEFAULT current_timestamp() ON UPDATE current_timestamp(),
  PRIMARY KEY (`id`),
  KEY `user_id` (`user_id`),
  KEY `media_type_id` (`media_type_id`),
  CONSTRAINT `media_ibfk_1` FOREIGN KEY (`user_id`) REFERENCES `users` (`id`) ON DELETE CASCADE ON UPDATE CASCADE,
  CONSTRAINT `media_ibfk_2` FOREIGN KEY (`media_type_id`) REFERENCES `media_types` (`id`) ON DELETE SET NULL ON UPDATE CASCADE
) ENGINE=InnoDB AUTO_INCREMENT=101 DEFAULT CHARSET=utf8mb4 COLLATE=utf8mb4_unicode_ci;
/*!40101 SET character_set_client = @saved_cs_client */;

--
-- Dumping data for table `media`
--

LOCK TABLES `media` WRITE;
/*!40000 ALTER TABLE `media` DISABLE KEYS */;
INSERT INTO `media` VALUES (1,1,1,'Quae similique magni et magni est delectus. Nulla enim nobis eveniet unde minus. Ea voluptatem quia id eos molestias accusantium.','similique',6083,NULL,'2015-12-01 12:30:15','1996-01-29 01:59:27'),(2,2,2,'Ut ipsum tempore atque deserunt fugiat voluptatem. Mollitia voluptatum vitae quae ipsum facilis voluptatem est iusto. Aliquid porro quia consequatur libero. Repudiandae qui aut sed magnam aut veniam.','sunt',6074049,NULL,'1995-05-11 15:51:31','2022-01-16 23:52:14'),(3,3,3,'Cumque veniam expedita quis non natus odit corrupti enim. Eveniet ducimus et cupiditate saepe rem deserunt a. Voluptas ut atque doloremque voluptatibus unde cum.','praesentium',70239132,NULL,'1983-02-15 22:30:20','2017-04-03 10:51:57'),(4,4,4,'Eveniet natus voluptatibus maiores dolores non. Animi fuga in alias provident. Iusto nihil neque sapiente incidunt autem sed sunt. Voluptate quas nesciunt debitis non sunt nisi.','molestiae',993003,NULL,'1972-09-14 01:20:26','1990-01-12 15:35:09'),(5,5,5,'Ea eos corrupti est voluptatem. Quae veritatis vel veniam quaerat. Ad voluptas eligendi voluptas molestias. Saepe beatae deserunt voluptates quia labore odio.','fuga',8502,NULL,'1971-08-28 11:38:58','2022-06-03 00:10:06'),(6,6,6,'Ipsa accusantium doloribus sequi repudiandae eos delectus tenetur ipsam. Quo ducimus possimus ut sint in et et. Suscipit laborum quae sapiente saepe velit et repudiandae labore.','aut',670,NULL,'2017-12-28 09:31:50','2007-09-01 21:09:41'),(7,7,7,'Reiciendis inventore eligendi tenetur cumque. Laboriosam voluptates ut voluptas velit corrupti. Amet nam quam ea quo.','iusto',51,NULL,'1984-12-31 09:25:15','1977-01-26 22:15:21'),(8,8,8,'A impedit necessitatibus non neque. Quam fuga architecto repudiandae quam. Magnam voluptas ut consequatur qui aut. Autem eligendi reprehenderit ipsum et.','aspernatur',827034297,NULL,'1988-12-22 02:28:06','2014-06-10 06:23:40'),(9,9,9,'Aliquam modi omnis quisquam. Sunt at aut nemo rerum deserunt optio delectus. Illo autem itaque autem dolores. Facilis ratione quo sit eligendi ipsum soluta.','repudiandae',692228204,NULL,'2018-07-10 13:22:07','1995-12-30 23:20:02'),(10,10,10,'Nostrum ut aliquam quia incidunt non harum. Iste enim consectetur debitis similique fugit aut. Quia molestiae illo ratione recusandae sapiente animi. Quis magni consectetur similique sint ea.','sit',9,NULL,'1995-05-25 12:04:30','2019-11-27 16:17:39'),(11,11,11,'Aut eveniet repellendus at doloremque dignissimos. Eius non consectetur quia eveniet. Et quisquam molestiae veniam debitis eos. Quis sed cum mollitia et corrupti id. Libero quos ipsa tempore facere ut dolores ducimus.','voluptatibus',93244,NULL,'1987-09-14 21:43:59','1986-07-15 04:05:32'),(12,12,12,'Non consequuntur dolor aut reprehenderit. In sed consequatur et asperiores aut. Minus nobis dolores asperiores distinctio ut.','iusto',499406371,NULL,'1986-04-28 03:14:33','2020-05-09 03:09:58'),(13,13,13,'Inventore enim aut est veritatis. Dolor eligendi reprehenderit et earum delectus ratione consequatur. Qui minus rem alias maiores reiciendis. Necessitatibus eum et ab molestias nobis repellendus explicabo neque.','nobis',7,NULL,'2000-02-02 16:23:34','1984-04-01 12:27:14'),(14,14,14,'Ut officiis impedit sit. Facilis rem placeat voluptatem eius quidem fugiat. Aspernatur perferendis itaque sunt voluptatem voluptatibus aut. Eligendi quasi facere aliquid iste et quod.','et',512644,NULL,'2012-05-18 05:55:28','1984-10-27 07:46:01'),(15,15,15,'Quis est consectetur at nostrum repellendus. Inventore doloribus quia est sit quod amet. Aspernatur voluptatem temporibus non et accusantium.','dicta',7,NULL,'2005-07-27 03:27:08','1987-05-13 14:59:57'),(16,16,16,'Ad dicta temporibus alias ratione. Dolores minima accusamus sint.','sed',820923,NULL,'2009-10-16 08:43:53','2020-10-14 18:03:03'),(17,17,17,'Tempora voluptate quos neque ex. Non ex sunt ab incidunt saepe.','sit',1859,NULL,'2013-03-29 01:22:49','1975-10-02 18:44:09'),(18,18,18,'Voluptatibus impedit cupiditate odit doloremque molestias. Non reiciendis mollitia nobis dolorem esse explicabo enim aut. Expedita et sint non provident necessitatibus ut odit. A nesciunt eos facere expedita consequatur voluptatibus temporibus.','incidunt',7,NULL,'1997-06-13 00:41:01','1971-05-29 11:26:24'),(19,19,19,'Nihil rem dolorem amet iste nobis quasi impedit. Ut non illo neque ut voluptate commodi eligendi. Voluptas expedita ipsum ipsa officiis natus.','vel',886883,NULL,'1992-03-10 17:17:07','2012-06-22 18:56:05'),(20,20,20,'Voluptatibus voluptatem magnam et maxime quis et ut. Vel sit incidunt dolore ut voluptates ipsum.','repudiandae',694,NULL,'1981-04-22 14:33:21','2021-02-18 02:32:04'),(21,21,21,'Sed officiis enim non consequatur debitis fuga. Consequatur dolorem assumenda dolorem officiis ut. Ullam est velit maxime pariatur sapiente tempore omnis. Laudantium neque quia quo voluptates consequatur non impedit. Dignissimos aperiam velit cum.','ullam',24402,NULL,'1988-08-17 20:44:34','2004-01-25 02:29:22'),(22,22,22,'Assumenda eum et aut et corporis modi. Nostrum rerum praesentium blanditiis quia sint aut accusamus. Sit autem hic autem voluptates.','ea',0,NULL,'1973-03-29 05:05:57','1989-06-02 07:25:38'),(23,23,23,'Fuga rerum cumque ut magni repellat. Saepe ipsum in eius enim dolor. Minus ipsa corporis nihil totam illo. Quia corrupti architecto adipisci rerum.','quae',3,NULL,'1989-07-24 11:49:10','2005-10-10 02:54:44'),(24,24,24,'Facere consequatur recusandae in. Architecto iusto aperiam minima velit aliquam aliquam voluptate aperiam. Error ipsum facilis omnis laudantium.','mollitia',71834697,NULL,'1995-05-20 02:12:07','1987-12-11 08:34:50'),(25,25,25,'Adipisci modi et vitae qui facere velit et. Necessitatibus eaque sint ratione qui eum qui. Velit quo ipsam consequatur soluta exercitationem provident in. Quia et est vero officia.','sit',22,NULL,'1981-06-03 21:36:19','1976-06-14 02:50:17'),(26,26,26,'Dolorem rem suscipit ipsa mollitia molestiae et maxime. Qui amet ut eius quisquam voluptate. Et doloremque voluptatem placeat autem.','sapiente',792,NULL,'1991-11-05 09:49:20','1985-05-23 13:21:26'),(27,27,27,'Est debitis voluptatibus culpa. Voluptas ut dicta magnam voluptatibus laboriosam esse est.','aperiam',267059070,NULL,'1995-06-12 11:58:26','1998-09-28 01:31:01'),(28,28,28,'Qui voluptatibus rerum corrupti voluptatem ut. Rem id praesentium illo occaecati voluptas. Adipisci expedita vero laudantium quam.','nobis',75088,NULL,'1978-12-06 07:01:10','1986-12-05 10:32:23'),(29,29,29,'Quo quisquam dolorem dolore magnam. Esse illo voluptatibus esse accusamus molestias. Consequatur praesentium aut adipisci et. Veritatis molestias repellat libero voluptatem labore distinctio vel.','repellendus',333081,NULL,'1981-04-03 00:41:31','2005-04-01 10:16:12'),(30,30,30,'Non distinctio quos minus tenetur laudantium. Ut et sit aliquam. Iure sapiente distinctio temporibus autem.','explicabo',35808,NULL,'1981-05-08 06:43:29','2010-09-14 23:24:14'),(31,31,31,'Iusto voluptatum facilis aperiam omnis nobis voluptatem. Delectus excepturi fuga qui repudiandae. Rerum est facere dolorum esse quia fugit.','exercitationem',94886,NULL,'2003-02-27 10:04:28','2002-09-24 23:53:24'),(32,32,32,'Et placeat ut pariatur tenetur deleniti. Eum dolore qui eum incidunt.','modi',8402,NULL,'1990-08-17 11:33:51','1997-04-08 09:10:56'),(33,33,33,'Quia numquam in dignissimos similique illum. Amet tempora non odio numquam itaque. Maiores nam ut repellat vitae ut.','sed',25,NULL,'2002-09-08 22:23:19','2019-05-17 23:55:11'),(34,34,34,'Commodi quo sed enim quis omnis. Rerum voluptates eos labore ad aut eum. Voluptatem incidunt qui nobis deserunt. Alias vel recusandae hic et earum.','placeat',13088,NULL,'1977-10-11 00:42:17','1992-08-23 00:56:06'),(35,35,35,'Velit doloremque pariatur illo corrupti voluptas. Sed ut ut earum. Et debitis qui dignissimos veniam provident cum maxime.','rerum',760,NULL,'1982-03-15 04:42:53','2010-11-05 21:03:49'),(36,36,36,'Quia repellat non ut quia sapiente sint dolorum. Sint labore ullam ad rerum consequatur accusantium. Et exercitationem et sint molestias.','distinctio',585,NULL,'1977-06-21 10:42:31','1974-06-21 18:41:30'),(37,37,37,'Velit adipisci voluptas corrupti assumenda. Et quod et sit quidem aut officiis in ut. Iste veritatis nulla reprehenderit et. Enim et totam natus deserunt beatae sit asperiores nesciunt. Adipisci voluptas esse velit molestias aspernatur eaque magnam.','voluptates',2549,NULL,'2003-03-03 14:50:38','1991-04-23 19:33:46'),(38,38,38,'Et qui ipsam minus sequi repellat voluptatem temporibus. Nulla quo nostrum aperiam perferendis.','voluptatibus',1,NULL,'1997-11-26 13:13:20','2006-06-06 16:29:56'),(39,39,39,'Minima corrupti facere et fugit ut qui. Ab libero sint officiis enim quisquam. Accusantium est nobis voluptates rerum. Consectetur porro officia amet eveniet esse quasi deleniti nostrum. Dolor qui vitae non.','quaerat',160155,NULL,'2019-02-28 07:02:54','2015-12-25 18:53:43'),(40,40,40,'Velit commodi qui quod soluta harum nisi numquam mollitia. Autem cupiditate non officiis est fugiat dolorem. Error ipsa eos sint rerum. Rem voluptatibus qui iste.','non',328899035,NULL,'1976-12-22 00:02:23','1970-01-07 14:08:19'),(41,41,41,'Itaque beatae placeat amet recusandae voluptatibus quo. Exercitationem laboriosam mollitia dolorem iusto autem sapiente magnam. Aut porro velit adipisci. Non perferendis rerum recusandae.','id',79601,NULL,'1974-02-11 03:19:44','2016-01-31 07:52:02'),(42,42,42,'Incidunt inventore sed animi fuga. Quidem voluptas minus veritatis fuga quos. Et aut exercitationem vitae dolor. Vel distinctio molestiae et.','at',0,NULL,'2017-06-12 14:30:23','1988-04-13 08:20:43'),(43,43,43,'Harum iure ut repellendus quibusdam dignissimos. Autem et aut ut possimus aut ducimus. Delectus dolores vel odio nobis dolor occaecati sit.','deserunt',0,NULL,'2001-05-04 00:48:41','1984-11-30 05:21:15'),(44,44,44,'Sed saepe odio harum facilis. Enim est minus reprehenderit aspernatur nihil quos. Voluptatum facilis nihil sunt sed.','et',1323396,NULL,'2018-11-12 09:26:50','1991-11-02 22:33:29'),(45,45,45,'Ab ad in ab magnam sed minima maxime. Occaecati fugit asperiores aut beatae sed aperiam incidunt. Ut qui qui facilis perspiciatis non deleniti.','aut',9611524,NULL,'2016-06-30 15:44:42','1998-07-31 04:32:18'),(46,46,46,'Officiis enim esse molestiae repellat fugit doloremque. Hic facere voluptate voluptatem qui rerum ad rerum.','optio',6654,NULL,'1992-01-13 19:17:04','2002-11-20 03:34:16'),(47,47,47,'Aut reiciendis iusto quidem. Quia deserunt quos ex et aut et. Quos hic odit tenetur omnis amet sunt aliquid expedita. Eum enim dolores doloremque sit voluptas sunt molestiae.','aperiam',38522,NULL,'2020-10-23 14:54:30','1983-12-24 00:49:09'),(48,48,48,'Alias vero quia quod commodi. Repudiandae tempora quidem asperiores voluptatem. Consectetur consequatur ex eos. Optio officiis illo autem enim nam.','excepturi',0,NULL,'2011-05-28 04:10:34','2009-08-28 20:41:42'),(49,49,49,'Explicabo error ducimus explicabo eum sapiente. Id mollitia inventore aspernatur in est repellendus et. Aut quia ducimus molestias explicabo at iure fugit. Quis laboriosam ducimus ratione numquam voluptatem aspernatur nam molestias.','enim',772,NULL,'1989-01-21 00:42:59','2017-05-18 15:07:43'),(50,50,50,'Nihil sit autem in placeat. Consequatur consequatur et et et quia perferendis. Voluptate voluptatem eligendi alias ad iure suscipit.','commodi',0,NULL,'1996-06-10 21:03:31','1980-06-21 13:36:42'),(51,51,51,'Maxime aut similique dicta aut. Quis facilis numquam ut et. Excepturi et ipsam praesentium incidunt voluptatibus.','sint',14146,NULL,'1976-09-01 03:48:18','1971-02-23 13:53:00'),(52,52,52,'Accusantium occaecati beatae molestias impedit. Dolore aperiam omnis occaecati delectus placeat non vero. Dolor quo sit quam ut odit incidunt. Rerum dolorem sunt rerum.','dolores',7922,NULL,'1973-09-14 17:04:08','2009-09-22 13:33:07'),(53,53,53,'Minus rem accusantium et atque cumque reprehenderit tempore voluptatem. Consequuntur modi vero omnis blanditiis autem molestias consequatur dolor.','eos',96,NULL,'1979-04-30 04:42:20','1970-06-16 22:33:27'),(54,54,54,'Reiciendis rerum ut repellendus et eligendi. Quibusdam fugiat esse quo quos voluptas harum voluptatibus qui. Hic fugit ab voluptatem. Molestiae soluta id et minus.','sit',5,NULL,'1983-04-12 11:49:21','2010-01-17 00:10:00'),(55,55,55,'Praesentium illum harum nam sint ut ducimus ea. Amet placeat voluptatem et est et sed quod.','sint',91287,NULL,'1984-05-12 04:24:32','2019-08-22 10:27:16'),(56,56,56,'Aperiam perferendis autem quasi doloribus. Quisquam temporibus velit est ipsum natus. Velit consequatur modi distinctio. Officia assumenda enim in corporis ut nisi dolorem.','modi',985868,NULL,'2003-05-13 02:43:37','2017-06-02 00:06:23'),(57,57,57,'Reiciendis cum est sequi libero quidem. Ad quam et voluptas modi quaerat voluptas blanditiis. Et est asperiores repellat maxime amet nostrum architecto.','iste',318340,NULL,'1973-05-18 23:31:07','1974-03-16 12:39:13'),(58,58,58,'Eos voluptas aliquid deserunt eum accusamus aliquid deserunt dolore. Quam et numquam maiores et. Corporis ipsum et nihil aliquam et aut quas. Pariatur provident numquam vero perferendis sint molestiae.','sint',0,NULL,'2019-08-31 20:46:46','1998-04-13 00:22:11'),(59,59,59,'Vel non eius quia dicta. Sit fugiat exercitationem corrupti et magni voluptatibus fuga. Veniam quos ut temporibus dolor et. Aspernatur omnis temporibus molestias in enim quaerat.','adipisci',0,NULL,'1991-02-01 07:26:55','2003-01-01 00:31:41'),(60,60,60,'Omnis ad voluptates in eius voluptates. Cupiditate voluptas aut commodi dolores. Quam nisi accusamus consequatur suscipit doloremque voluptas. Assumenda repellendus qui omnis sed.','quia',60476,NULL,'1977-02-24 19:43:21','2012-12-03 21:05:50'),(61,61,61,'Id doloremque cupiditate autem qui in modi. Amet soluta officia dignissimos voluptatem sunt aut inventore. Quos natus et ut minima voluptatum sint sit beatae.','voluptas',0,NULL,'1982-11-21 16:07:50','2001-05-04 22:54:17'),(62,62,62,'Commodi nostrum occaecati dolores sit ut. Nam quod voluptas aut sed ea pariatur. Itaque id est harum facere voluptates minus sed aut. Iusto excepturi eos qui facere fugiat.','rem',414,NULL,'1989-09-01 00:19:31','2000-05-15 19:22:40'),(63,63,63,'Sed autem hic autem nobis culpa rerum nobis est. Tenetur quaerat odio perspiciatis id labore inventore. Et ipsum aperiam eveniet consectetur neque.','soluta',5723,NULL,'1976-01-21 22:10:18','1979-03-07 14:30:58'),(64,64,64,'Ea atque dolorem culpa ipsa qui reiciendis magnam qui. Fugiat accusamus eligendi omnis laborum esse repellat. Maiores et praesentium corrupti dolore ea.','eligendi',2,NULL,'1999-04-03 03:56:33','1981-02-18 21:36:17'),(65,65,65,'Voluptates nesciunt natus error non. Labore consectetur excepturi aut quae earum. Maxime nisi sit eos sed. Voluptatem et quia ad vero alias veritatis quod.','consequatur',96756,NULL,'2014-02-07 23:02:40','1992-06-02 15:57:43'),(66,66,66,'Dolores id doloribus rerum non repellendus dolorum. Ab distinctio sed repellendus omnis. Totam omnis vel atque velit ipsa illo quia itaque. Quaerat illo ipsa dignissimos vitae.','illum',67,NULL,'1984-08-11 01:11:13','1997-06-05 16:23:09'),(67,67,67,'Eveniet explicabo incidunt corporis consectetur autem. Quia repellendus qui iure in praesentium excepturi non. Aut consequuntur itaque omnis minus sit.','qui',3995613,NULL,'1980-04-25 19:46:10','1996-03-09 20:45:40'),(68,68,68,'Harum et aperiam suscipit molestiae est aperiam voluptas. Cum impedit nesciunt saepe quia eos accusantium consequatur velit. Explicabo eveniet non minus soluta aut eos et. Voluptatum quia repellat occaecati dolore recusandae nostrum omnis perferendis. Fugit odit et nostrum et.','impedit',0,NULL,'2000-07-31 06:44:31','2016-08-18 18:17:31'),(69,69,69,'Velit ut voluptate qui id magnam. Rerum vel praesentium ut enim. Blanditiis qui sit quae aut perspiciatis commodi. Quis omnis dicta corrupti laudantium aliquid.','quasi',9,NULL,'2013-12-23 02:40:47','1987-10-15 14:26:18'),(70,70,70,'Officiis aut esse corporis officiis blanditiis error et. Eius aspernatur itaque ducimus id. Earum est sapiente praesentium aut velit.','veniam',9644589,NULL,'1996-10-31 07:09:33','2017-11-05 04:36:07'),(71,71,71,'Perferendis porro perferendis consequatur dolorem aut. Omnis dolor assumenda iure sint eligendi sit et. Porro quis accusantium illo voluptatem repellendus ut vel.','omnis',1,NULL,'1999-05-09 03:22:54','2004-02-18 18:44:33'),(72,72,72,'Inventore quidem commodi ducimus aut sequi delectus. Veniam et dolorem ad ut. Quo quia vero voluptatem perferendis qui ipsa.','culpa',841248,NULL,'1986-09-01 03:06:35','1998-08-15 09:13:43'),(73,73,73,'Nisi sapiente repudiandae ut quia. Ullam nulla accusamus quaerat neque quia deleniti. Culpa neque illo eum laudantium ut rerum voluptatem ut. Vel ipsa enim occaecati adipisci et voluptatem asperiores.','aut',717,NULL,'1980-12-30 02:26:08','2021-05-04 01:19:05'),(74,74,74,'Soluta voluptate repudiandae dolorum aut eum. Voluptatem dolorum odio consequatur sit. Accusantium rerum impedit consequatur.','ad',48514591,NULL,'2021-09-05 21:18:59','2015-11-21 21:21:05'),(75,75,75,'Ipsum in porro qui ratione. Facere unde est ad fuga soluta fugiat. Provident eos consequuntur sit at distinctio eius pariatur. Facere consequatur est quidem placeat ad. Accusamus mollitia consequatur velit animi minima consequatur ratione in.','doloribus',93,NULL,'1998-03-25 04:09:39','1981-04-11 01:05:55'),(76,76,76,'Dolorum enim est quae labore. Deleniti deserunt ipsa qui labore. Et voluptas architecto commodi reprehenderit facilis est.','veritatis',9387,NULL,'1983-08-13 21:17:23','2012-12-13 02:37:35'),(77,77,77,'Nam eos quas corrupti qui quis. Error voluptatem accusamus assumenda. Alias aut nisi rerum consequuntur perspiciatis. Eum non possimus velit sed.','veniam',23,NULL,'1981-05-27 18:48:36','1981-11-24 17:41:20'),(78,78,78,'Placeat et maxime libero enim ex non. Fuga reiciendis incidunt reiciendis. Eveniet quo ab voluptatum dignissimos quis officiis. Et similique nostrum odit dicta neque molestiae.','sit',76394,NULL,'1980-11-01 22:44:43','1978-09-24 18:49:42'),(79,79,79,'Voluptatibus hic perferendis ratione. Est quia odio sed soluta occaecati. Beatae eius ipsum amet repellendus sint. Aut velit totam nulla quasi hic delectus non.','saepe',30148,NULL,'1978-12-15 08:43:20','2016-07-01 04:52:45'),(80,80,80,'Dolores enim aut iste est aut et voluptas. Nisi qui animi quae odit voluptatem. Aspernatur esse adipisci iste porro. Natus nemo accusantium et doloremque possimus aut est et.','qui',1102784,NULL,'1973-08-15 15:15:56','1990-02-19 08:38:24'),(81,81,81,'Ut consequatur magni sapiente ex ipsa quia voluptatem. Incidunt eum eum assumenda. Esse et architecto architecto aut aliquid deserunt molestiae. Ut blanditiis ipsum dignissimos nostrum.','qui',0,NULL,'1991-12-08 19:50:25','2011-07-01 12:32:24'),(82,82,82,'Quia voluptate explicabo pariatur animi voluptas. Ducimus aut sed hic perferendis pariatur dolores. Nostrum id commodi tempora sed. Sit nihil consectetur error voluptates voluptas dolores ipsa.','aut',2793,NULL,'1971-12-27 16:46:48','2012-07-10 15:15:18'),(83,83,83,'Consequatur et et ea iure atque suscipit. Id sint nihil nostrum porro. Et saepe sed molestiae nobis quasi tenetur ab voluptatem. Id rerum non suscipit harum et provident ipsa. Ut ullam placeat et aut et asperiores fugiat.','enim',9,NULL,'1972-09-17 03:24:41','1985-01-19 07:31:23'),(84,84,84,'Fugiat maxime qui nihil deleniti ut. Voluptatem quia ut eos omnis. Officia ad fugiat deserunt non. Tenetur ducimus rerum eius voluptatem.','incidunt',45,NULL,'1989-07-31 04:08:59','1988-10-08 14:28:02'),(85,85,85,'Ea numquam et magni iusto nisi est officia. Recusandae ut tempore molestiae blanditiis. Dolorem ratione repudiandae omnis ullam accusamus consequatur numquam.','sed',79992036,NULL,'1984-10-29 02:35:11','1975-07-13 14:37:31'),(86,86,86,'Magni fugit sit qui eos molestiae accusamus. Magni maiores beatae sunt sint ipsam velit. Pariatur sed minima ratione cupiditate quo ea.','omnis',34579,NULL,'1998-02-14 21:05:04','1978-02-07 12:03:36'),(87,87,87,'Incidunt itaque consectetur tempora vero ratione rerum repellendus. Quo fugit voluptate porro eum. Harum consequatur maxime distinctio sint.','odit',207886,NULL,'2020-01-03 23:13:43','2002-05-11 06:31:46'),(88,88,88,'Sunt iure eos id at veniam. Delectus et eum aspernatur id soluta temporibus amet. Qui at earum accusantium laborum minus ullam consequatur. Eos non voluptatum deleniti distinctio aliquid.','dolores',85703,NULL,'1986-07-30 05:03:44','1986-02-09 20:41:40'),(89,89,89,'Doloribus aliquam provident ut ut molestiae et. Atque et ab doloribus error velit. Sapiente tenetur nobis beatae veniam. Ea qui quos quo et nobis eius quia. Et porro aut quibusdam consectetur assumenda.','eveniet',4621592,NULL,'1996-09-10 10:32:04','1976-04-10 21:30:04'),(90,90,90,'Voluptate delectus earum officia voluptatem eligendi. Animi non quia voluptatem. Fugiat animi possimus ipsum eos qui. Unde corporis repellendus qui quas.','in',808111415,NULL,'1987-11-02 03:09:59','1990-01-31 14:58:35'),(91,91,91,'Ipsum dolorem aut quia sapiente et qui sit. Et natus ipsum alias dolor ea nostrum dolor. Harum unde repudiandae et vitae corporis. Eos consequuntur impedit in minima.','ea',0,NULL,'2016-02-08 10:30:45','1985-02-10 02:29:34'),(92,92,92,'Et cum recusandae voluptatem quia natus. Similique ullam ducimus voluptatem rerum est. Iusto id voluptatum soluta et sit. Distinctio repellat vel asperiores id quae dicta vero. Sit numquam exercitationem voluptatem aut laudantium voluptatibus.','et',35,NULL,'2002-02-23 21:04:28','2001-02-04 13:04:09'),(93,93,93,'Sapiente molestiae voluptates nemo quasi porro. Ut iure facere ut facere numquam optio dolore. Ipsum beatae placeat nisi deleniti pariatur esse repudiandae.','doloremque',51370200,NULL,'2010-09-16 01:17:04','2011-08-12 08:14:37'),(94,94,94,'Facere quas et nulla doloribus. Similique suscipit ut nulla ut maiores sequi laboriosam. Sequi qui quo qui vel deserunt veniam distinctio. Occaecati nam enim voluptatem et sint doloribus quo reiciendis.','vitae',52527658,NULL,'1986-12-25 19:10:17','2001-07-21 18:15:16'),(95,95,95,'Qui maiores soluta veritatis debitis eveniet quod earum doloribus. Laborum sed at ut in ea deleniti. Saepe mollitia velit explicabo aut consequuntur totam corrupti.','sed',39930,NULL,'2016-11-26 12:44:05','2021-01-03 13:03:23'),(96,96,96,'Qui iusto repellendus quasi est earum omnis et sit. Culpa accusantium cum voluptas dolorem architecto et officia. Est repudiandae dolorem adipisci suscipit in dolores minima. Eum eos laboriosam quasi delectus temporibus repellendus deserunt.','culpa',0,NULL,'2015-07-23 23:10:01','2015-07-01 12:42:43'),(97,97,97,'Accusantium corrupti excepturi tempore quo commodi consectetur ipsum. Quis beatae dolorem maiores eaque magni id voluptate consequatur. Qui rerum veritatis aut a sapiente minima. Cumque molestiae beatae ut rerum unde et facere. In aut illum amet repellat aliquam a distinctio a.','quo',8,NULL,'2001-04-15 05:42:31','2022-10-06 13:59:48'),(98,98,98,'Atque nemo commodi accusantium. Quibusdam placeat iusto eos cum. Qui pariatur quia suscipit error soluta qui.','consectetur',686833,NULL,'1988-10-18 22:52:48','2014-01-23 10:27:07'),(99,99,99,'Magni voluptatem veritatis et minima id vero est. Porro sequi non eos distinctio. Porro asperiores repudiandae quas aliquam enim explicabo. Nulla consequuntur totam dignissimos maiores laborum autem similique commodi.','autem',93,NULL,'1975-03-24 17:02:02','2018-10-11 05:42:32'),(100,100,100,'Culpa ut sit recusandae et voluptatibus. Qui enim fuga et in ipsam. Voluptates explicabo modi quia. Ut perspiciatis ullam reprehenderit numquam nemo sapiente.','quis',4557526,NULL,'1992-02-13 10:35:43','1983-03-23 12:12:48');
/*!40000 ALTER TABLE `media` ENABLE KEYS */;
UNLOCK TABLES;

--
-- Table structure for table `media_types`
--

DROP TABLE IF EXISTS `media_types`;
/*!40101 SET @saved_cs_client     = @@character_set_client */;
/*!40101 SET character_set_client = utf8 */;
CREATE TABLE `media_types` (
  `id` bigint(20) unsigned NOT NULL AUTO_INCREMENT,
  `name` varchar(255) COLLATE utf8mb4_unicode_ci DEFAULT NULL,
  `created_at` datetime DEFAULT current_timestamp(),
  `updated_at` datetime DEFAULT current_timestamp() ON UPDATE current_timestamp(),
  PRIMARY KEY (`id`)
) ENGINE=InnoDB AUTO_INCREMENT=101 DEFAULT CHARSET=utf8mb4 COLLATE=utf8mb4_unicode_ci;
/*!40101 SET character_set_client = @saved_cs_client */;

--
-- Dumping data for table `media_types`
--

LOCK TABLES `media_types` WRITE;
/*!40000 ALTER TABLE `media_types` DISABLE KEYS */;
INSERT INTO `media_types` VALUES (1,'et','1972-01-16 17:14:40','2008-04-25 04:24:34'),(2,'voluptatibus','1983-03-14 10:32:03','1996-12-24 00:21:59'),(3,'non','2007-12-04 02:21:17','1987-03-02 21:39:51'),(4,'dolores','1983-03-20 01:23:27','1982-05-24 17:38:27'),(5,'aspernatur','2014-02-17 07:37:32','1987-07-05 06:17:32'),(6,'quasi','2008-10-10 20:09:28','2014-09-03 15:13:26'),(7,'eum','1992-05-04 16:25:44','1977-08-10 14:18:02'),(8,'autem','1973-12-25 07:33:41','1997-12-27 08:30:47'),(9,'explicabo','1981-08-12 03:06:42','2004-12-01 19:21:38'),(10,'earum','1972-03-06 21:49:47','1992-10-14 01:01:09'),(11,'et','1991-08-16 18:23:19','1976-11-20 00:14:14'),(12,'nam','2009-04-04 14:40:10','1995-04-04 16:29:21'),(13,'reprehenderit','1993-08-14 23:39:07','1989-11-08 18:28:41'),(14,'ut','1999-12-15 17:21:49','2007-08-28 15:20:46'),(15,'veniam','1996-03-21 21:19:17','1990-01-28 08:07:28'),(16,'est','2021-03-17 12:15:12','1977-08-18 15:10:25'),(17,'excepturi','1976-03-25 12:58:44','1993-12-11 20:40:51'),(18,'et','2020-05-03 15:36:22','1979-08-25 01:50:19'),(19,'ad','2011-07-19 22:28:12','2015-06-17 14:05:47'),(20,'eligendi','2010-11-08 19:22:02','1987-01-18 00:29:18'),(21,'maiores','1975-11-08 08:09:57','2012-02-29 16:59:51'),(22,'quo','2021-07-26 17:34:24','1978-10-10 00:12:21'),(23,'odio','1992-10-24 14:07:05','2019-11-14 13:57:22'),(24,'harum','1978-12-31 23:45:19','1990-12-24 20:34:32'),(25,'soluta','2013-10-25 06:55:45','1977-09-27 09:55:51'),(26,'quas','2010-01-11 18:38:41','2012-04-07 13:56:13'),(27,'cum','1976-03-10 23:07:00','1988-01-06 04:09:55'),(28,'ex','2010-12-28 20:29:09','1986-08-27 18:03:57'),(29,'totam','2010-07-16 03:38:35','2004-04-01 16:57:30'),(30,'ut','2004-11-01 20:26:39','1971-03-21 22:19:46'),(31,'quia','1993-05-21 21:11:56','1981-10-20 07:06:41'),(32,'earum','1975-12-07 16:30:07','1971-04-03 16:46:05'),(33,'nesciunt','1991-08-07 12:38:06','1980-09-22 11:25:57'),(34,'id','2014-12-22 02:08:14','1980-09-15 05:38:33'),(35,'ratione','1978-07-17 08:17:03','2009-06-12 00:28:52'),(36,'perferendis','1994-08-01 14:24:25','2013-06-11 15:27:01'),(37,'qui','1985-11-21 12:26:53','1986-08-15 19:24:57'),(38,'et','2005-11-20 15:00:02','1994-11-29 09:55:27'),(39,'voluptatum','2019-08-16 14:18:57','2005-09-27 11:23:22'),(40,'laborum','1984-08-10 13:52:41','2019-03-16 13:33:18'),(41,'et','2020-03-30 21:01:30','2013-10-07 22:12:53'),(42,'molestiae','1999-11-25 16:59:45','1986-06-29 19:01:18'),(43,'laudantium','1994-05-05 04:46:24','1980-07-21 02:38:10'),(44,'quia','2000-07-22 11:13:44','2008-11-27 08:15:14'),(45,'ut','2015-06-24 18:19:59','1994-04-16 13:44:49'),(46,'qui','2020-03-04 09:03:30','1987-07-06 19:34:43'),(47,'aut','2018-05-09 16:31:41','2001-08-05 16:25:42'),(48,'veniam','2013-06-17 15:22:00','1988-01-01 23:30:13'),(49,'voluptates','2020-04-24 00:34:05','2009-08-13 13:22:33'),(50,'consequuntur','1988-02-13 10:09:39','1991-04-15 09:58:04'),(51,'nemo','1987-07-14 00:22:18','1987-01-09 08:24:46'),(52,'velit','1993-06-03 12:55:19','1987-02-08 01:23:55'),(53,'et','1996-10-12 18:27:13','1972-09-14 03:55:30'),(54,'molestiae','2003-03-29 23:29:40','2014-11-24 12:56:53'),(55,'impedit','1975-08-26 08:30:12','2010-08-29 15:09:37'),(56,'eum','2022-06-15 17:49:45','1997-12-24 18:58:18'),(57,'sunt','2003-08-14 11:09:04','1997-12-23 04:58:30'),(58,'saepe','2008-09-23 13:46:41','2018-04-29 00:45:23'),(59,'facilis','2018-11-01 18:43:13','1971-01-07 13:32:34'),(60,'pariatur','1982-07-03 16:52:16','1981-12-22 08:00:58'),(61,'quo','2020-04-21 17:05:38','2009-02-01 01:34:25'),(62,'minima','2017-10-01 21:03:42','2009-03-08 16:00:07'),(63,'est','1982-06-18 02:20:06','1990-09-21 04:12:24'),(64,'blanditiis','2004-09-11 20:33:53','1973-08-16 18:19:32'),(65,'deleniti','1970-02-28 14:12:49','2020-10-14 20:57:43'),(66,'minima','2007-04-05 13:42:43','2002-11-06 18:09:17'),(67,'praesentium','1974-11-06 08:34:58','2004-04-19 10:07:46'),(68,'quasi','1985-02-12 04:18:36','1972-12-23 16:30:08'),(69,'facere','2008-09-17 16:28:14','1994-02-05 23:41:41'),(70,'molestiae','2021-11-13 23:54:11','2017-11-22 12:40:08'),(71,'error','2006-08-12 14:43:50','2012-10-21 14:51:26'),(72,'eos','1984-12-03 01:46:54','1975-04-23 19:42:51'),(73,'praesentium','2022-03-20 07:59:18','2009-06-17 18:13:13'),(74,'accusamus','1999-10-13 12:01:55','2015-02-11 05:59:50'),(75,'est','2011-12-04 10:36:06','2015-05-31 13:39:19'),(76,'repellendus','2001-02-20 02:12:58','2006-12-28 11:05:21'),(77,'eum','1979-06-14 19:06:28','1976-01-02 22:32:02'),(78,'eligendi','1972-09-02 16:50:26','2022-09-18 22:23:29'),(79,'sapiente','1985-01-16 01:13:46','1972-06-23 07:42:53'),(80,'hic','2015-12-08 02:19:47','2003-12-16 16:51:55'),(81,'perspiciatis','1980-09-30 21:13:55','1994-05-01 12:21:04'),(82,'qui','1978-03-10 06:32:26','1970-10-28 01:50:40'),(83,'dolorem','1999-05-27 05:48:54','1981-07-03 19:10:21'),(84,'odit','2016-03-11 21:27:06','2011-12-24 05:35:39'),(85,'sint','1991-09-15 14:03:21','1984-12-24 20:55:06'),(86,'et','2003-09-29 12:18:13','2010-02-18 23:30:55'),(87,'quidem','1990-01-16 03:17:18','1981-08-22 15:48:10'),(88,'tempora','1986-06-11 16:43:48','2003-07-14 04:43:03'),(89,'cupiditate','1991-08-12 04:00:06','2003-08-08 16:45:28'),(90,'ex','1977-05-26 00:17:06','2002-06-09 00:03:23'),(91,'qui','2018-09-22 17:44:44','1976-02-05 21:43:15'),(92,'ipsum','1972-07-14 05:29:01','2003-01-08 17:41:56'),(93,'dolorem','1999-11-03 23:11:36','2020-04-17 12:10:53'),(94,'autem','1980-06-21 02:30:04','2018-05-05 01:05:22'),(95,'aspernatur','1995-11-20 13:31:58','1990-09-28 14:43:56'),(96,'ullam','1978-09-08 23:48:29','2004-02-12 21:59:33'),(97,'odio','1991-12-04 13:56:21','1982-07-11 15:10:25'),(98,'voluptates','1989-12-31 09:12:28','2003-11-16 02:55:37'),(99,'sit','2009-10-24 23:36:56','1984-04-16 22:12:00'),(100,'ullam','2010-08-10 06:13:38','1975-06-03 01:43:48');
/*!40000 ALTER TABLE `media_types` ENABLE KEYS */;
UNLOCK TABLES;

--
-- Table structure for table `messages`
--

DROP TABLE IF EXISTS `messages`;
/*!40101 SET @saved_cs_client     = @@character_set_client */;
/*!40101 SET character_set_client = utf8 */;
CREATE TABLE `messages` (
  `id` bigint(20) unsigned NOT NULL AUTO_INCREMENT,
  `from_user_id` bigint(20) unsigned NOT NULL,
  `to_user_id` bigint(20) unsigned NOT NULL,
  `body` text COLLATE utf8mb4_unicode_ci DEFAULT NULL,
  `created_at` datetime DEFAULT current_timestamp(),
  PRIMARY KEY (`id`),
  KEY `from_user_id` (`from_user_id`),
  KEY `to_user_id` (`to_user_id`),
  CONSTRAINT `messages_ibfk_1` FOREIGN KEY (`from_user_id`) REFERENCES `users` (`id`) ON DELETE CASCADE ON UPDATE CASCADE,
  CONSTRAINT `messages_ibfk_2` FOREIGN KEY (`to_user_id`) REFERENCES `users` (`id`) ON DELETE CASCADE ON UPDATE CASCADE
) ENGINE=InnoDB AUTO_INCREMENT=101 DEFAULT CHARSET=utf8mb4 COLLATE=utf8mb4_unicode_ci;
/*!40101 SET character_set_client = @saved_cs_client */;

--
-- Dumping data for table `messages`
--

LOCK TABLES `messages` WRITE;
/*!40000 ALTER TABLE `messages` DISABLE KEYS */;
INSERT INTO `messages` VALUES (1,1,1,'Quia dolorem ipsum quis aut. Corrupti qui praesentium incidunt et ducimus. Enim odio consequatur suscipit. Voluptatibus harum enim necessitatibus eos cupiditate illo quae.','2017-09-18 00:51:40'),(2,2,2,'A necessitatibus nobis vel quia ipsum impedit dolorem quibusdam. Dolore et et provident tempora.','1972-12-11 19:00:01'),(3,3,3,'Facilis mollitia incidunt tenetur id ipsum eius. Voluptatem provident voluptatibus in aut quisquam aut. Repellendus mollitia vero suscipit eos optio repellendus nihil eaque. Assumenda impedit eum non error fugit.','2015-09-30 04:13:48'),(4,4,4,'Rem aperiam qui eum eum optio aut. Fugit error ut omnis perspiciatis. Molestiae laboriosam reprehenderit quia porro.','1990-12-22 09:12:57'),(5,5,5,'Numquam sed ipsum est nam est id. Illum aut quia recusandae cupiditate. Maxime aut aut eos enim ut fuga. Et sint porro et blanditiis molestias asperiores enim. Beatae sed reiciendis dolorem architecto deserunt.','1984-08-09 17:23:11'),(6,6,6,'Nulla delectus facere fugiat sit ducimus voluptatem magnam. Non ipsum voluptate error maxime soluta consequatur eum. At dolor est quas et.','2001-12-11 18:59:43'),(7,7,7,'Culpa doloremque quaerat quis ipsa nihil quasi. Dolor voluptates eligendi eveniet accusantium aperiam ratione placeat. Quia consequatur excepturi consectetur eveniet est rerum.','1989-04-09 09:09:16'),(8,8,8,'Eveniet officiis autem est vero qui id quia. Rerum expedita reiciendis aliquid provident est veritatis ad.','2011-04-20 11:34:15'),(9,9,9,'Quasi ullam sunt nesciunt tenetur. Sequi saepe adipisci totam ut. Amet occaecati sunt totam totam.','2002-11-29 12:57:29'),(10,10,10,'Quis eos consequuntur dicta. Fugiat reprehenderit odit enim recusandae ea. Similique et voluptatum ut iure. Voluptatem eum voluptate tempore voluptas.','2009-12-04 19:47:19'),(11,11,11,'Dolor ratione voluptas nisi distinctio aut. Aliquid dolorem tenetur voluptas dolore repellat odit saepe. Consequatur assumenda ut qui cum veniam. At et vel impedit ut voluptas quod iure nam.','1984-05-24 10:26:44'),(12,12,12,'Voluptates rerum laborum quae. Sit sed quibusdam voluptates facere. Unde labore voluptas corrupti reiciendis. Quasi ut dignissimos impedit et. Illo est consequatur incidunt asperiores dolor sequi aperiam numquam.','1989-11-04 21:30:57'),(13,13,13,'Vero dolor repellat exercitationem. Vel quibusdam vitae iusto repellat eaque eaque. Amet perspiciatis non enim aut sed cupiditate molestias.','1980-01-29 15:08:42'),(14,14,14,'Similique dolor quia et. Est consequatur vitae nihil doloremque. Harum placeat vel facilis ab fugiat. Omnis nobis et accusamus quidem quis. Mollitia dicta aliquam et quam expedita molestiae dolores.','1990-05-28 23:10:31'),(15,15,15,'Quia totam molestiae voluptatibus repellendus voluptatem qui. Sed autem qui quia odit. Ad vero voluptates architecto.','2004-05-16 02:06:27'),(16,16,16,'Quasi veritatis nihil eum saepe eius. Qui rerum placeat placeat commodi dolores excepturi nihil. Natus harum porro molestias dolor temporibus cupiditate facilis. Explicabo quia quo reprehenderit deleniti.','1976-04-27 03:51:42'),(17,17,17,'Quis dolores et quo consequatur tenetur earum est. Sed alias consectetur maxime assumenda voluptatem praesentium.','2003-05-15 20:06:26'),(18,18,18,'Esse suscipit natus impedit aut optio id. Rem cupiditate quia temporibus et qui eius numquam. At non et odit possimus. Vel illum ea enim quis.','2014-03-07 16:29:53'),(19,19,19,'Distinctio quis aut quae dolorem placeat quisquam. Ratione non dolore ab autem assumenda iusto. Reprehenderit cupiditate qui error. Pariatur sit repellendus ipsam minima dolorem et hic.','2008-09-24 00:59:41'),(20,20,20,'Adipisci non labore magni eos rerum. Voluptatem id quia totam cum soluta iusto ut. Enim sed laboriosam consequatur ab perferendis. Eum aut voluptates nihil quo perspiciatis ullam vel ex.','2018-02-06 07:40:08'),(21,21,21,'Fuga perferendis sed ipsa quisquam quia. Autem non maxime et accusamus repellat quia magni. Tempora fugiat ut et magni dignissimos dolor. Enim maxime aliquam laudantium possimus placeat cum doloremque. Quo sed quas qui aut earum.','1978-09-04 07:15:28'),(22,22,22,'Consequatur qui sit ut nostrum maiores tenetur eveniet. Excepturi sed corrupti voluptas error odit consequuntur voluptates. Animi error corrupti atque rerum saepe sit. Laudantium sint qui cum earum autem. Nobis nam et quae.','1976-02-21 16:44:55'),(23,23,23,'Dicta sunt consequatur qui soluta. Voluptas in eligendi asperiores et consequuntur delectus porro minus. Nisi id optio vitae quia.','2009-10-20 19:23:13'),(24,24,24,'Hic natus non quo. Non qui alias ratione nihil. Nesciunt blanditiis aliquid illo optio.','1971-11-14 16:44:44'),(25,25,25,'Reiciendis dolorum doloremque omnis. Aut in quia rerum nihil. Ad aliquam assumenda rem ut. Necessitatibus voluptas minima et ducimus.','1999-12-09 23:12:37'),(26,26,26,'Sunt ratione perspiciatis totam nam quia placeat et consequatur. Voluptate et cum quas veniam possimus. Et magni magnam eius saepe accusamus excepturi voluptate.','2019-04-30 15:43:01'),(27,27,27,'Rerum consequatur id et ipsum ut facilis omnis. Ut doloremque dolorem porro provident est explicabo consequatur. Omnis inventore voluptas officiis saepe in et et minima. Odit a maxime id quo dolores quia iusto. Eos totam debitis deleniti voluptatem.','2016-07-08 09:58:34'),(28,28,28,'Sint blanditiis asperiores assumenda qui. Molestiae sint est quos alias. Dolore quae voluptas quia eveniet natus. Accusantium deserunt optio praesentium sequi.','1973-04-19 05:01:44'),(29,29,29,'Libero aliquid fugiat quia perferendis quo enim. Iure ducimus quisquam similique eum non. Error quo repellat eos aut et est distinctio. Quasi incidunt labore et ea qui. Atque et sit magnam in molestiae eveniet adipisci.','2007-07-12 16:37:38'),(30,30,30,'Molestias nihil quo deserunt at exercitationem aut odit et. Est officiis sint velit enim et aut nobis illum. Suscipit aliquid occaecati tempore dolorum vel consequuntur voluptas. Atque velit in incidunt nemo odio consequatur repellat.','1989-01-24 08:18:55'),(31,31,31,'Earum saepe qui natus voluptatem ex. Quibusdam maiores placeat aut voluptas consequatur.','1985-07-13 22:13:38'),(32,32,32,'Fugit voluptas rerum neque animi repellendus et. Quam sint voluptatum quae dicta doloremque est. Qui et aut delectus corporis pariatur est.','2020-11-22 03:29:00'),(33,33,33,'Quo modi rerum est enim. Perspiciatis odit adipisci maxime voluptates cumque culpa voluptate. In sit odit et blanditiis iusto quas blanditiis. Minima aut dignissimos ut omnis ex unde.','2016-12-20 15:45:31'),(34,34,34,'In natus perspiciatis minus corporis. Officiis doloribus sint ab voluptatibus assumenda magni sit. Doloribus dolorem quia ipsa qui sit. Quo est similique qui et eligendi. Earum sequi quis omnis sunt vero voluptatem.','2008-12-20 06:22:23'),(35,35,35,'Exercitationem quia consequuntur rerum inventore incidunt qui esse. Quia debitis sit quas impedit. Qui rerum et est quia ea in.','1991-01-30 07:03:02'),(36,36,36,'Rerum et dolorem repellendus suscipit illo dolores corrupti ipsam. Veniam placeat dolores voluptatem et laboriosam sed hic officiis.','1983-06-01 11:36:04'),(37,37,37,'Qui corporis mollitia et quo nobis praesentium. Est blanditiis doloribus vel et laboriosam nostrum. Qui quae nihil laudantium culpa minima quia et. Perferendis consequatur quas nesciunt doloremque perferendis omnis nihil.','1995-02-22 23:56:20'),(38,38,38,'Dicta praesentium minima quis perferendis sapiente distinctio consequatur nihil. Exercitationem omnis quia omnis cumque molestiae sunt ratione quae. Laudantium esse repudiandae perspiciatis repellendus sunt repellat impedit et. Necessitatibus veritatis quia vel nobis.','2013-06-02 01:41:30'),(39,39,39,'Iste sit dolor voluptate culpa aut. Deleniti sint nam nihil alias mollitia illum veritatis. Soluta enim dignissimos esse sed asperiores totam. Reiciendis quibusdam ut neque earum aut quod ab quia.','1985-07-31 01:26:49'),(40,40,40,'Autem sed non unde enim voluptas similique. Laudantium dolor dolores non distinctio quia eaque. Est ratione tempora reiciendis nihil. Alias inventore distinctio vel delectus tenetur. Sint reiciendis nihil nam ullam reprehenderit placeat accusamus.','1981-08-25 11:12:32'),(41,41,41,'Voluptas vitae autem vitae accusantium qui. Est non eos officiis distinctio. Fuga et dolor quo quia harum qui eius.','1988-03-17 17:04:01'),(42,42,42,'Quia molestiae harum quibusdam eos. Sapiente voluptatem id nulla deserunt enim.','1981-04-12 06:23:20'),(43,43,43,'Quas rem ut ut ab eveniet molestiae. Ipsum dolor provident distinctio quos laudantium sed.','2005-03-20 01:11:00'),(44,44,44,'Ut asperiores corrupti rem vitae. Quia omnis dolor sequi consequatur ullam ut eius. Similique sed illum minus pariatur in repellat.','2018-01-05 15:09:03'),(45,45,45,'In nam et praesentium et deserunt. Voluptas perspiciatis doloremque velit soluta ut. Est sed ratione quae aperiam repudiandae distinctio dolor.','2012-11-24 21:22:13'),(46,46,46,'Cum molestias unde perspiciatis quibusdam aut assumenda. Harum et nobis eos nobis provident. Libero explicabo animi voluptatem eos praesentium natus. Qui vel ratione nihil omnis laboriosam deserunt eius.','1992-05-29 16:07:37'),(47,47,47,'Id dolore autem nemo minima sed eius. Expedita eaque porro officia. Eius laborum dolorem suscipit nobis. Sunt ut numquam quidem voluptatum impedit.','2015-10-15 00:59:40'),(48,48,48,'Omnis vel nihil quos quo expedita eos. Et quis id numquam repellendus esse. Et non velit at. Dignissimos ea qui blanditiis. Sunt impedit ad eveniet nostrum dolorum beatae.','1999-01-21 05:28:13'),(49,49,49,'Tenetur quia nesciunt tempore reiciendis consequatur et. Odio est assumenda et nisi expedita culpa. Nisi explicabo quis tempore consequatur ut tempora. Veritatis unde nemo vel et possimus.','2016-08-05 12:09:29'),(50,50,50,'Qui voluptatum quam nihil sit eligendi inventore ut. Non dolor molestiae dignissimos eum nobis rerum. Tempore inventore mollitia ullam et rerum sint. Libero rerum aut esse.','2021-12-23 06:35:33'),(51,51,51,'Omnis magnam modi impedit. Voluptatem tenetur inventore qui. At commodi et tempore et facere porro aspernatur qui.','2007-08-05 06:01:35'),(52,52,52,'Dignissimos sint et qui odit ipsa amet assumenda quod. Officiis velit quia omnis quo debitis. Aliquid sit qui rerum eligendi iure odit aut.','1978-06-04 12:42:37'),(53,53,53,'Explicabo alias qui aliquam autem dolores. Sequi porro accusamus non consequuntur. Accusantium nihil possimus eum praesentium. Inventore ut ea autem molestiae est ad unde.','2002-12-15 08:45:03'),(54,54,54,'Autem qui nam ut dolores unde laudantium illo. Et quibusdam commodi quia itaque. Sint similique reprehenderit sint. Saepe nulla eveniet at sequi veritatis doloremque et.','2006-11-11 02:15:49'),(55,55,55,'Aut animi ipsam necessitatibus fuga fuga. Vero quod quasi dolore fugit.','1987-01-28 06:54:50'),(56,56,56,'Quasi quam delectus rerum vel sit explicabo. Unde sunt maxime est consequatur et eos ab. Voluptate enim facilis facilis.','1971-02-22 11:11:51'),(57,57,57,'Sed voluptas quos eum molestiae rem velit. Perferendis sed voluptatem ut unde odio maiores. Harum dolor architecto iste architecto quas repellat autem. Qui perferendis labore ratione provident omnis. In occaecati eius incidunt ratione.','1994-02-06 21:00:09'),(58,58,58,'Odio dolore non aut et fuga. Voluptas nam quo non libero.','1998-09-24 05:53:47'),(59,59,59,'Praesentium enim culpa esse. Libero magni maiores quia accusamus non.','1992-05-16 13:46:29'),(60,60,60,'Reprehenderit accusamus et maiores laboriosam aut. Necessitatibus et odit amet dolore et. Id quas voluptas et quo.','1973-07-29 17:17:43'),(61,61,61,'Qui voluptate omnis repudiandae libero. Ullam aut autem cumque in totam in quod sint. Sed adipisci aut harum pariatur et dolor.','2010-07-25 16:53:19'),(62,62,62,'Architecto vitae corrupti aliquid est. Assumenda quisquam aliquam quos rerum soluta aut.','1970-10-23 17:15:54'),(63,63,63,'Explicabo amet molestiae et repellat reiciendis. Eligendi magni dolorem libero ex quam id enim maiores.','1980-02-11 21:14:15'),(64,64,64,'Eum non et in labore. Aut ipsa recusandae praesentium. Enim enim tempore aut voluptas. Quo et aut tempora minima. Non similique mollitia et cumque.','1989-07-28 14:06:24'),(65,65,65,'Quo quia asperiores aut quia. Sequi explicabo voluptas perferendis blanditiis voluptas incidunt et. Ut est excepturi itaque excepturi maxime.','1987-03-18 10:15:49'),(66,66,66,'Est a consequatur impedit odit. Blanditiis delectus neque ipsum et. Illo explicabo est earum incidunt blanditiis a. Eius et architecto voluptatem voluptas neque ut distinctio.','2010-09-09 08:47:16'),(67,67,67,'Rem non repellendus dolores quas rerum quia ab harum. Qui tempora quidem ut tempore consequatur id. Consectetur nemo nemo quo. At aut laboriosam adipisci veritatis officia in dolorem quidem.','1981-05-02 19:44:23'),(68,68,68,'Voluptas nostrum sit non eligendi ut. Eveniet sit ipsa provident doloribus saepe nesciunt. Et rerum doloribus totam asperiores facilis et pariatur.','1982-03-24 14:47:57'),(69,69,69,'Nesciunt repellat in et et aut dolor. Et explicabo corporis qui praesentium consequatur. Itaque placeat aliquid expedita velit quia accusamus et aut.','1984-08-21 22:28:38'),(70,70,70,'Facilis earum aperiam incidunt voluptatem. Tempora recusandae animi nostrum velit totam. Repellendus corrupti eaque excepturi sed iure sunt. Qui cum harum qui facilis facilis aspernatur.','1972-02-07 08:15:12'),(71,71,71,'In expedita amet reiciendis placeat. Soluta enim ab qui est dolorem. Velit maiores esse consequatur ut dolores sit omnis.','2021-07-02 09:37:29'),(72,72,72,'Aspernatur sit rerum culpa et non dolor. Fugiat hic corrupti placeat ab sunt est. Aut temporibus alias dolorem quas asperiores.','1991-10-27 07:15:35'),(73,73,73,'Illum et eaque ut aut quo. Distinctio iusto facere consequatur adipisci nulla praesentium quia. Sed necessitatibus quo soluta perspiciatis officiis ad non.','1972-06-20 17:57:20'),(74,74,74,'Nam nam et temporibus laudantium ut. Officia fugit sunt debitis qui at. Illo fugit quis blanditiis autem quia qui rem sed. Vel qui voluptatem asperiores.','1972-06-17 00:54:45'),(75,75,75,'Culpa itaque sed laboriosam dicta iusto. Ducimus et totam eum rerum iure voluptatem. Neque eum at dolor et velit quam eum.','2014-03-22 03:22:42'),(76,76,76,'Et tenetur enim qui minima voluptates. In debitis totam quia et ut consequatur. Blanditiis quae vitae autem. Earum ut eos culpa velit neque ut repellendus. Laudantium totam ad laudantium quia voluptatum.','1975-12-21 22:45:30'),(77,77,77,'Eos vitae quia hic minima similique. Reprehenderit sapiente ut eum fuga omnis omnis minima.','1976-11-24 23:44:12'),(78,78,78,'Laboriosam quia quis possimus. Illum at qui adipisci eos minima ratione explicabo.','2019-04-09 05:22:50'),(79,79,79,'Consequatur dolore voluptatem est rerum reprehenderit. Est odit et ut aut. Quia amet et iste rerum.','2002-02-10 23:14:21'),(80,80,80,'Ipsa quaerat voluptatem consequuntur voluptas voluptas omnis. Voluptate laboriosam dolores non delectus perspiciatis facilis. Beatae quis iste sed saepe eaque dolores porro dolores.','1992-09-14 03:18:40'),(81,81,81,'Dolores vel et ipsa porro dolor consequatur sint. Voluptas voluptate minus rem eos quasi nemo. Distinctio est eos velit ad repudiandae. Dolores labore praesentium rerum veritatis fugit nihil.','2002-01-07 01:30:09'),(82,82,82,'Excepturi sequi adipisci delectus. Voluptatem in quia nam quia. Adipisci aut vel qui non ea et. Doloribus occaecati enim minima reiciendis repellat vel nihil nobis.','1997-10-13 23:30:03'),(83,83,83,'Ut omnis molestiae quam laboriosam sed dolorum. Commodi incidunt veritatis magnam sed at. Est quis et quo sed est harum libero iure. Modi odit non facilis doloribus.','1970-05-14 01:01:10'),(84,84,84,'Itaque corporis eius provident. Odio dolores voluptas qui molestiae. Excepturi facilis nulla saepe magni velit.','2007-06-28 11:53:13'),(85,85,85,'Officia velit est quae praesentium animi vel. Eum assumenda nam suscipit eos totam odit sed suscipit. Nam est placeat ut modi ut omnis dolores. Vel voluptate nesciunt qui eum.','1984-08-02 16:16:07'),(86,86,86,'Harum quaerat non alias vel. Consequatur eos omnis blanditiis nemo.','1989-01-25 23:11:13'),(87,87,87,'Mollitia vitae aut possimus. Iste ut doloremque eos laudantium ad rerum nihil. Ex reiciendis voluptatem quod ipsa officia enim non. Qui molestiae quis voluptatem unde illo et dicta.','2020-01-18 11:04:40'),(88,88,88,'Iste aut qui vel repudiandae provident explicabo. Repellendus autem ut a et sequi consequatur. Aut sed accusamus repudiandae nihil molestiae illum. Consequatur aut ut rerum laboriosam quis fugit.','2015-04-27 18:22:12'),(89,89,89,'Nihil tempore ipsam et mollitia. Velit nemo omnis sint quod. Sit nihil aut suscipit quia.','2017-05-05 05:05:41'),(90,90,90,'Dolorem soluta molestiae ut laudantium necessitatibus. Ipsum doloribus ipsam vel deserunt modi. Eius iste maiores quam atque laudantium qui nobis. Et commodi porro nihil ea earum officia iusto.','1997-06-12 20:17:53'),(91,91,91,'Culpa voluptatibus non pariatur fugiat voluptas accusamus. Deleniti impedit labore cumque natus pariatur ipsum numquam. Voluptates consequatur commodi ut nesciunt. Sapiente voluptatibus deserunt voluptas maiores similique voluptatum veniam.','1994-12-02 00:54:59'),(92,92,92,'Tenetur qui ratione libero. Sint laborum libero inventore ipsum beatae rerum aut. Exercitationem optio ea occaecati. Velit voluptas consequatur blanditiis qui id consectetur ab.','2003-09-17 21:52:10'),(93,93,93,'Voluptatem ut saepe necessitatibus iure alias autem aut. Laboriosam accusamus ullam quisquam sit accusantium. Et rerum reiciendis et rerum et aut et. Sequi ut qui est veniam. Expedita officia et eos et.','2021-05-29 11:21:45'),(94,94,94,'Deserunt magni voluptatibus deleniti dolorum. Sit doloremque et deleniti sunt et aut occaecati. Doloremque fugit non quo. Accusamus consectetur provident error reprehenderit expedita et enim doloribus.','2003-12-24 13:16:51'),(95,95,95,'Voluptatum et perspiciatis fugit. Officiis mollitia nemo quis. Sunt aspernatur sunt autem quisquam quisquam aliquam cum.','1987-09-14 19:41:08'),(96,96,96,'Et atque iste voluptas distinctio consequatur odio ratione. Aut nesciunt ut voluptas eum dolorem. Rem iusto totam saepe praesentium deserunt odio nihil. Quasi ex perferendis magnam occaecati nisi.','1971-11-01 05:26:32'),(97,97,97,'Vitae quia molestiae ut expedita eos iste aliquid non. Maiores nihil nesciunt adipisci consequatur sapiente harum ut. Nostrum numquam ab sit suscipit soluta mollitia.','1970-06-17 04:00:30'),(98,98,98,'Quia repellendus non autem ut. Explicabo voluptatem consequatur ipsa consequatur iusto voluptas eum. Et accusamus facere pariatur odio. Quisquam nihil voluptates et et. Aliquam ullam sit facilis sit eum.','1980-06-30 16:13:59'),(99,99,99,'Ratione totam ut et praesentium vero. Rerum occaecati ut ut deserunt sit et et sequi. Rem illo deleniti sed exercitationem eaque. Ut et assumenda id culpa quae rerum enim. Dolores eum possimus et eum aut mollitia ut.','2013-02-11 10:45:37'),(100,100,100,'Dolore officia ut minima autem deserunt quia et provident. Animi beatae culpa sed eaque quasi quo necessitatibus minima. Quaerat vel sed magni tempora velit deleniti.','1985-07-27 12:18:01');
/*!40000 ALTER TABLE `messages` ENABLE KEYS */;
UNLOCK TABLES;

--
-- Table structure for table `photo_albums`
--

DROP TABLE IF EXISTS `photo_albums`;
/*!40101 SET @saved_cs_client     = @@character_set_client */;
/*!40101 SET character_set_client = utf8 */;
CREATE TABLE `photo_albums` (
  `id` bigint(20) unsigned NOT NULL AUTO_INCREMENT,
  `name` varchar(255) COLLATE utf8mb4_unicode_ci DEFAULT NULL,
  `user_id` bigint(20) unsigned DEFAULT NULL,
  PRIMARY KEY (`id`),
  UNIQUE KEY `id` (`id`),
  KEY `user_id` (`user_id`),
  CONSTRAINT `photo_albums_ibfk_1` FOREIGN KEY (`user_id`) REFERENCES `users` (`id`) ON DELETE SET NULL ON UPDATE CASCADE
) ENGINE=InnoDB AUTO_INCREMENT=101 DEFAULT CHARSET=utf8mb4 COLLATE=utf8mb4_unicode_ci;
/*!40101 SET character_set_client = @saved_cs_client */;

--
-- Dumping data for table `photo_albums`
--

LOCK TABLES `photo_albums` WRITE;
/*!40000 ALTER TABLE `photo_albums` DISABLE KEYS */;
INSERT INTO `photo_albums` VALUES (1,'eos',1),(2,'sed',2),(3,'iure',3),(4,'est',4),(5,'aut',5),(6,'aperiam',6),(7,'minima',7),(8,'fugiat',8),(9,'qui',9),(10,'recusandae',10),(11,'sequi',11),(12,'facere',12),(13,'hic',13),(14,'quaerat',14),(15,'eveniet',15),(16,'libero',16),(17,'officia',17),(18,'autem',18),(19,'temporibus',19),(20,'adipisci',20),(21,'est',21),(22,'dolorem',22),(23,'eos',23),(24,'delectus',24),(25,'non',25),(26,'id',26),(27,'quisquam',27),(28,'aut',28),(29,'consequatur',29),(30,'quis',30),(31,'rerum',31),(32,'et',32),(33,'qui',33),(34,'animi',34),(35,'voluptate',35),(36,'doloremque',36),(37,'ut',37),(38,'minus',38),(39,'inventore',39),(40,'hic',40),(41,'animi',41),(42,'provident',42),(43,'recusandae',43),(44,'perferendis',44),(45,'qui',45),(46,'est',46),(47,'velit',47),(48,'qui',48),(49,'sed',49),(50,'unde',50),(51,'quisquam',51),(52,'ea',52),(53,'est',53),(54,'ullam',54),(55,'nulla',55),(56,'reiciendis',56),(57,'sint',57),(58,'nulla',58),(59,'aut',59),(60,'iusto',60),(61,'enim',61),(62,'inventore',62),(63,'dolorum',63),(64,'eaque',64),(65,'aliquam',65),(66,'aut',66),(67,'itaque',67),(68,'modi',68),(69,'qui',69),(70,'aut',70),(71,'qui',71),(72,'non',72),(73,'enim',73),(74,'unde',74),(75,'et',75),(76,'eos',76),(77,'et',77),(78,'corporis',78),(79,'sunt',79),(80,'eaque',80),(81,'minima',81),(82,'velit',82),(83,'maxime',83),(84,'esse',84),(85,'culpa',85),(86,'doloremque',86),(87,'ut',87),(88,'explicabo',88),(89,'pariatur',89),(90,'cumque',90),(91,'dolores',91),(92,'non',92),(93,'velit',93),(94,'facere',94),(95,'qui',95),(96,'eaque',96),(97,'modi',97),(98,'odio',98),(99,'expedita',99),(100,'a',100);
/*!40000 ALTER TABLE `photo_albums` ENABLE KEYS */;
UNLOCK TABLES;

--
-- Table structure for table `photos`
--

DROP TABLE IF EXISTS `photos`;
/*!40101 SET @saved_cs_client     = @@character_set_client */;
/*!40101 SET character_set_client = utf8 */;
CREATE TABLE `photos` (
  `id` bigint(20) unsigned NOT NULL AUTO_INCREMENT,
  `album_id` bigint(20) unsigned NOT NULL,
  `media_id` bigint(20) unsigned NOT NULL,
  PRIMARY KEY (`id`),
  KEY `album_id` (`album_id`),
  KEY `media_id` (`media_id`),
  CONSTRAINT `photos_ibfk_1` FOREIGN KEY (`album_id`) REFERENCES `photo_albums` (`id`) ON DELETE CASCADE ON UPDATE CASCADE,
  CONSTRAINT `photos_ibfk_2` FOREIGN KEY (`media_id`) REFERENCES `media` (`id`) ON DELETE CASCADE ON UPDATE CASCADE
) ENGINE=InnoDB AUTO_INCREMENT=101 DEFAULT CHARSET=utf8mb4 COLLATE=utf8mb4_unicode_ci;
/*!40101 SET character_set_client = @saved_cs_client */;

--
-- Dumping data for table `photos`
--

LOCK TABLES `photos` WRITE;
/*!40000 ALTER TABLE `photos` DISABLE KEYS */;
INSERT INTO `photos` VALUES (1,1,1),(2,2,2),(3,3,3),(4,4,4),(5,5,5),(6,6,6),(7,7,7),(8,8,8),(9,9,9),(10,10,10),(11,11,11),(12,12,12),(13,13,13),(14,14,14),(15,15,15),(16,16,16),(17,17,17),(18,18,18),(19,19,19),(20,20,20),(21,21,21),(22,22,22),(23,23,23),(24,24,24),(25,25,25),(26,26,26),(27,27,27),(28,28,28),(29,29,29),(30,30,30),(31,31,31),(32,32,32),(33,33,33),(34,34,34),(35,35,35),(36,36,36),(37,37,37),(38,38,38),(39,39,39),(40,40,40),(41,41,41),(42,42,42),(43,43,43),(44,44,44),(45,45,45),(46,46,46),(47,47,47),(48,48,48),(49,49,49),(50,50,50),(51,51,51),(52,52,52),(53,53,53),(54,54,54),(55,55,55),(56,56,56),(57,57,57),(58,58,58),(59,59,59),(60,60,60),(61,61,61),(62,62,62),(63,63,63),(64,64,64),(65,65,65),(66,66,66),(67,67,67),(68,68,68),(69,69,69),(70,70,70),(71,71,71),(72,72,72),(73,73,73),(74,74,74),(75,75,75),(76,76,76),(77,77,77),(78,78,78),(79,79,79),(80,80,80),(81,81,81),(82,82,82),(83,83,83),(84,84,84),(85,85,85),(86,86,86),(87,87,87),(88,88,88),(89,89,89),(90,90,90),(91,91,91),(92,92,92),(93,93,93),(94,94,94),(95,95,95),(96,96,96),(97,97,97),(98,98,98),(99,99,99),(100,100,100);
/*!40000 ALTER TABLE `photos` ENABLE KEYS */;
UNLOCK TABLES;

--
-- Table structure for table `profiles`
--

DROP TABLE IF EXISTS `profiles`;
/*!40101 SET @saved_cs_client     = @@character_set_client */;
/*!40101 SET character_set_client = utf8 */;
CREATE TABLE `profiles` (
  `user_id` bigint(20) unsigned NOT NULL AUTO_INCREMENT,
  `gender` char(1) COLLATE utf8mb4_unicode_ci DEFAULT NULL,
  `birthday` date DEFAULT NULL,
  `photo_id` bigint(20) unsigned DEFAULT NULL,
  `created_at` datetime DEFAULT current_timestamp(),
  `hometown` varchar(100) COLLATE utf8mb4_unicode_ci DEFAULT NULL,
  PRIMARY KEY (`user_id`),
  KEY `fk_photo_id` (`photo_id`),
  CONSTRAINT `fk_photo_id` FOREIGN KEY (`photo_id`) REFERENCES `photos` (`id`) ON DELETE SET NULL ON UPDATE CASCADE,
  CONSTRAINT `fk_user_id` FOREIGN KEY (`user_id`) REFERENCES `users` (`id`) ON DELETE CASCADE ON UPDATE CASCADE
) ENGINE=InnoDB AUTO_INCREMENT=101 DEFAULT CHARSET=utf8mb4 COLLATE=utf8mb4_unicode_ci;
/*!40101 SET character_set_client = @saved_cs_client */;

--
-- Dumping data for table `profiles`
--

LOCK TABLES `profiles` WRITE;
/*!40000 ALTER TABLE `profiles` DISABLE KEYS */;
INSERT INTO `profiles` VALUES (1,'F','1995-09-04',1,'1995-08-20 22:20:24',NULL),(2,'M','1995-04-09',2,'1993-11-20 20:30:18',NULL),(3,'F','2012-06-04',3,'1980-01-05 18:15:52',NULL),(4,'F','2007-08-23',4,'1971-08-04 11:38:27',NULL),(5,'M','2013-01-15',5,'1980-11-29 06:34:08',NULL),(6,'F','2000-09-25',6,'1982-09-13 13:30:50',NULL),(7,'M','1981-04-02',7,'1975-01-21 05:25:22',NULL),(8,'M','1974-03-25',8,'1994-10-14 00:45:17',NULL),(9,'M','2005-04-29',9,'1986-07-23 13:03:39',NULL),(10,'M','2022-08-30',10,'1998-02-10 09:19:42',NULL),(11,'F','2009-03-08',11,'1970-06-05 23:25:09',NULL),(12,'F','2008-11-07',12,'1979-11-08 00:57:44',NULL),(13,'F','2014-07-01',13,'1999-06-01 23:20:09',NULL),(14,'M','2020-06-28',14,'1995-09-03 09:00:01',NULL),(15,'F','1995-02-23',15,'1981-09-19 20:01:19',NULL),(16,'F','1996-09-14',16,'2009-12-04 04:13:59',NULL),(17,'F','1992-07-06',17,'1977-03-21 05:09:50',NULL),(18,'M','1971-07-13',18,'1996-08-15 21:52:40',NULL),(19,'F','1984-06-01',19,'1999-08-24 10:57:40',NULL),(20,'M','1977-02-11',20,'2004-11-11 23:09:55',NULL),(21,'M','1984-02-15',21,'1977-06-27 07:05:52',NULL),(22,'M','1990-01-16',22,'2021-02-01 00:44:17',NULL),(23,'F','2013-11-20',23,'1972-04-04 17:37:23',NULL),(24,'M','2022-09-20',24,'2010-04-27 15:07:27',NULL),(25,'F','1974-04-01',25,'2014-07-18 02:07:37',NULL),(26,'F','1985-02-24',26,'1988-02-04 22:21:29',NULL),(27,'M','1981-03-24',27,'1978-07-29 15:24:05',NULL),(28,'F','2003-08-12',28,'2015-11-06 07:06:47',NULL),(29,'F','1977-12-31',29,'1973-11-23 04:42:30',NULL),(30,'F','1982-01-26',30,'2021-05-05 19:23:34',NULL),(31,'M','2013-03-19',31,'1988-05-21 09:18:28',NULL),(32,'M','2016-08-01',32,'1979-02-17 15:21:45',NULL),(33,'F','2012-09-17',33,'1992-10-08 15:53:24',NULL),(34,'M','1985-11-02',34,'1992-06-16 07:25:20',NULL),(35,'F','2009-11-19',35,'1987-08-04 10:05:19',NULL),(36,'M','1997-12-16',36,'2006-12-15 08:48:01',NULL),(37,'F','2002-03-31',37,'1982-07-01 08:07:31',NULL),(38,'M','1988-10-26',38,'2020-02-03 10:02:45',NULL),(39,'F','1997-03-09',39,'1977-06-11 20:04:30',NULL),(40,'F','1993-08-30',40,'2006-08-20 08:47:55',NULL),(41,'F','1993-05-18',41,'1977-03-28 14:49:15',NULL),(42,'M','2003-10-28',42,'1973-07-12 20:14:08',NULL),(43,'M','1980-05-18',43,'2012-01-24 19:23:47',NULL),(44,'F','2012-05-07',44,'1989-01-29 04:58:19',NULL),(45,'M','2008-07-07',45,'1985-06-03 05:26:23',NULL),(46,'F','2004-11-11',46,'2010-10-03 23:57:47',NULL),(47,'M','1996-07-24',47,'2001-11-01 12:59:15',NULL),(48,'F','1984-04-28',48,'1985-09-07 06:52:40',NULL),(49,'M','1990-12-02',49,'1986-05-18 03:39:58',NULL),(50,'F','2010-07-09',50,'2004-08-15 20:46:22',NULL),(51,'M','2019-04-09',51,'1970-10-27 17:56:37',NULL),(52,'F','1999-05-13',52,'1989-05-08 15:44:12',NULL),(53,'F','2017-10-22',53,'2010-10-30 03:51:13',NULL),(54,'F','2004-08-14',54,'1986-12-30 13:34:38',NULL),(55,'F','2013-12-12',55,'1978-02-24 22:34:48',NULL),(56,'F','1983-11-24',56,'1980-07-29 09:52:26',NULL),(57,'F','1980-08-26',57,'1994-03-10 08:49:13',NULL),(58,'F','1981-01-03',58,'1998-07-02 04:28:39',NULL),(59,'F','1973-10-17',59,'1977-06-24 13:10:29',NULL),(60,'F','1975-01-28',60,'1984-01-25 02:10:39',NULL),(61,'M','1974-11-10',61,'2022-02-09 02:01:47',NULL),(62,'F','2009-09-13',62,'1982-08-15 22:45:09',NULL),(63,'F','2018-09-26',63,'1972-10-15 15:42:38',NULL),(64,'M','1992-06-02',64,'2009-07-14 11:51:50',NULL),(65,'M','2021-09-27',65,'1990-01-15 10:16:41',NULL),(66,'M','2010-04-27',66,'2018-07-06 07:45:37',NULL),(67,'F','2014-09-14',67,'2017-08-09 10:21:54',NULL),(68,'F','1984-04-01',68,'2009-05-12 12:01:16',NULL),(69,'F','1981-05-26',69,'1984-06-03 04:07:51',NULL),(70,'F','1987-10-11',70,'1988-06-20 11:58:20',NULL),(71,'F','1987-11-28',71,'1997-01-30 11:26:05',NULL),(72,'F','2005-09-27',72,'1972-03-19 23:50:44',NULL),(73,'F','1975-01-16',73,'1982-04-12 18:12:59',NULL),(74,'M','1981-02-24',74,'2010-02-11 06:47:01',NULL),(75,'M','2009-01-04',75,'1992-07-05 11:04:12',NULL),(76,'F','2015-03-18',76,'1987-09-03 18:22:45',NULL),(77,'F','1992-04-02',77,'1977-10-24 04:04:39',NULL),(78,'M','2011-12-14',78,'1994-09-13 20:01:30',NULL),(79,'M','2004-09-05',79,'2009-06-17 01:28:27',NULL),(80,'F','1992-04-25',80,'2011-12-28 16:12:14',NULL),(81,'M','1975-10-25',81,'2022-09-17 10:35:33',NULL),(82,'M','2017-08-04',82,'2015-02-15 17:10:48',NULL),(83,'M','1977-04-26',83,'1979-07-10 22:20:53',NULL),(84,'F','2016-08-19',84,'1997-11-06 09:42:35',NULL),(85,'F','2018-06-29',85,'1994-12-12 08:00:51',NULL),(86,'F','2009-06-04',86,'1983-03-13 09:59:37',NULL),(87,'M','1978-08-15',87,'2013-08-24 19:15:41',NULL),(88,'F','2022-05-23',88,'2014-03-18 07:26:38',NULL),(89,'F','2016-02-28',89,'2014-10-05 14:07:51',NULL),(90,'F','1973-08-21',90,'1984-05-17 02:28:15',NULL),(91,'M','1992-12-27',91,'1972-08-29 13:23:57',NULL),(92,'F','1978-07-18',92,'2015-07-07 15:24:01',NULL),(93,'F','2000-05-23',93,'2015-08-31 01:30:45',NULL),(94,'M','1974-04-09',94,'1985-09-04 12:17:54',NULL),(95,'F','1988-01-06',95,'2010-11-16 23:39:47',NULL),(96,'M','1991-09-26',96,'1992-05-07 04:32:31',NULL),(97,'M','1996-10-11',97,'1979-03-01 07:12:33',NULL),(98,'M','1987-03-24',98,'1992-11-10 08:03:34',NULL),(99,'M','2008-01-25',99,'1993-10-05 20:00:46',NULL),(100,'F','1991-11-24',100,'1999-01-23 23:46:08',NULL);
/*!40000 ALTER TABLE `profiles` ENABLE KEYS */;
UNLOCK TABLES;

--
-- Table structure for table `users`
--

DROP TABLE IF EXISTS `users`;
/*!40101 SET @saved_cs_client     = @@character_set_client */;
/*!40101 SET character_set_client = utf8 */;
CREATE TABLE `users` (
  `id` bigint(20) unsigned NOT NULL AUTO_INCREMENT,
  `firstname` varchar(100) COLLATE utf8mb4_unicode_ci DEFAULT NULL,
  `lastname` varchar(100) COLLATE utf8mb4_unicode_ci DEFAULT NULL COMMENT '',
  `email` varchar(100) COLLATE utf8mb4_unicode_ci DEFAULT NULL,
  `password_hash` varchar(100) COLLATE utf8mb4_unicode_ci DEFAULT NULL,
  `phone` bigint(20) DEFAULT NULL,
  `is_deleted` bit(1) DEFAULT b'0',
  PRIMARY KEY (`id`),
  UNIQUE KEY `email` (`email`),
  KEY `users_firstname_lastname_idx` (`firstname`,`lastname`)
) ENGINE=InnoDB AUTO_INCREMENT=101 DEFAULT CHARSET=utf8mb4 COLLATE=utf8mb4_unicode_ci;
/*!40101 SET character_set_client = @saved_cs_client */;

--
-- Dumping data for table `users`
--

LOCK TABLES `users` WRITE;
/*!40000 ALTER TABLE `users` DISABLE KEYS */;
INSERT INTO `users` VALUES (1,'Sienna','Schneider','bbartell@example.net','9c4ba60d6522a4f4b455e5e594f2fee680bddb20',1,''),(2,'Kayla','Cormier','marge59@example.org','1a900d296bf184f234908a8cc0c3ccd6aa7dcd24',1,'\0'),(3,'Logan','Goyette','nicholaus18@example.org','ae6a1f8d32626998acd88ea695c7fcb2287d0986',1996981627,''),(4,'Lucile','Funk','yspinka@example.org','c50d6bf8bb90358c42fdf4bed3267c2977827ebb',0,''),(5,'Marcelo','Lang','owilderman@example.net','6e47e55ac2a3ca5e356641192dff2c5b61895b7f',1,''),(6,'Landen','Stoltenberg','carleton15@example.org','82adbb729bc437f2b56c4837709d59d99f426ce1',693498,''),(7,'Damon','O\'Reilly','keebler.zula@example.org','6216493320fa368baa1bc3304b71aed863612418',0,'\0'),(8,'Donald','Kuhn','bernadine60@example.com','61abaa067553a40e69bf93ef3d308f2f28c1c000',695462,'\0'),(9,'Katrine','Herman','monahan.hortense@example.com','3952f8beaa40ed7ff2ff3f458f6452a6da8b43bb',363906,'\0'),(10,'Emile','Sanford','mckayla89@example.org','c15fef44f6ceae2962dc40b34f12c79988318b65',1,'\0'),(11,'Cleo','Jaskolski','kstamm@example.com','c88fc578051334eddd9266d911fb5ab6bcc5f439',1,'\0'),(12,'Odessa','King','georgette74@example.com','9150c4bcba9440992fe020e13bfbf9ed529eabbc',1,'\0'),(13,'Daniela','O\'Reilly','luettgen.george@example.com','13877c4badc4c16df17e6efa0f98501ef0a3bc86',473,'\0'),(14,'Pedro','Mayert','kianna92@example.com','c647f9d7e123373f416974ccb595347ea3dadbd0',2,'\0'),(15,'Edison','Towne','haylie55@example.org','1cb3ee6d48814401dd7b3860144b6cc384c51178',699431,''),(16,'Sandy','Rippin','mabel98@example.org','a734ff0687a077aba3d3beb7f92a11d173a86fe2',0,''),(17,'Jackie','Bayer','iziemann@example.net','316f5e5f6b1c3cf1a577a1989d4f83d0e5658452',739,''),(18,'Kamron','Jacobson','dawn77@example.net','a9f75ecbf2d4f6538f8ee01c5a062b6bd235b0db',0,''),(19,'Lester','Gorczany','arianna89@example.org','79ce32ee7c4aaf6f277793468fd0d5cb67299e05',27,''),(20,'Providenci','Metz','rose.cole@example.net','268a9c9b7cfccd0a1b3c79247055485e70a5816b',6857796201,''),(21,'Demario','Koepp','mayer.miller@example.com','0df6ba468c7fd6d3451a81d91978997dd8d105eb',678,'\0'),(22,'Seamus','McDermott','luisa.harris@example.com','0f231a2dd81139766c89b6b1ba520de1bfae1e49',4591124235,'\0'),(23,'Winifred','Dickinson','vpagac@example.com','520dd1a53ca3e3500745d91f7c729434448bf13d',613727,''),(24,'Bud','Rice','julien.carroll@example.com','8f726871888cd7d6e33760830506dd272699e911',356977,'\0'),(25,'Aurelio','Miller','jarrett66@example.org','adae5fae8cc38347f2b2f73f02ee64fc9d3d5da7',6574165358,''),(26,'Abby','Smitham','laurence81@example.org','330cb506c260100f813b486d3752c2a6fc984103',1,'\0'),(27,'Ludie','Hessel','steuber.stacy@example.org','317f901f306af717c6824430f7934bd19f666cab',478,'\0'),(28,'Chad','Frami','elissa.lebsack@example.com','8a60db8b36778b75c137eb94ecde36725fa8400b',1,'\0'),(29,'Lauretta','Murphy','xschimmel@example.net','cd92cf00b4602e9461f59e8abd3a3d47c793d65e',399,'\0'),(30,'Yazmin','Goyette','tyson13@example.org','91163ee292b7a9483beb65e1ca44f50fc700a657',803,'\0'),(31,'Emie','Dooley','kohler.fausto@example.com','d9eb7a73fdfc43dc0c68823bc61bb0c34ffd5b4f',0,'\0'),(32,'Maxwell','Hahn','opal88@example.org','50716195f754373643bf9868e7e99560debaf224',56,'\0'),(33,'Estelle','Schowalter','lue66@example.org','74becfb1246b0a00f329d4ecceb096dd2d380e74',240,''),(34,'Zula','West','koch.charley@example.net','b523ce80f15cb1b48c99cfaf73477ae3eefd5bfe',0,'\0'),(35,'Roslyn','Grimes','jannie.brown@example.com','331179e9424893fd119ca2bbfb07c1cb77d47037',1,''),(36,'Aaron','Muller','dino96@example.org','1302902b78051f39ee7921d0dce9ac1d870a5a22',1,'\0'),(37,'Tad','Rosenbaum','kessler.thora@example.com','e90ed0a72ab7513ae84bd5f1b71b08072e19498d',748,'\0'),(38,'Erna','Douglas','alejandrin.deckow@example.com','096a18ae860e97bd1e7ad9c9251baa0c2b4247d8',0,'\0'),(39,'Briana','Beatty','fatima56@example.net','4ab18dfecf1dbf0b61836438c6f121b8aa61e786',0,'\0'),(40,'Mittie','Lynch','jlynch@example.net','337f439c3d84f4a0ae0750853ef1578ecbc8110c',453,'\0'),(41,'Daryl','Skiles','prudence91@example.org','f6ce7725fde86b8e02ffa152b48bd72523e3e19d',865,'\0'),(42,'Holly','Leffler','moore.marjorie@example.com','9fc538d16219ee6cc4eaeae92b5e59fa2fc05503',0,'\0'),(43,'Herminio','Bechtelar','gschinner@example.com','cd567c53f47340ec508bd4230a2cbe0005e2967d',0,''),(44,'Kirstin','Douglas','callie.lebsack@example.com','4fa34e80d1b7a5ba1655f3e8612f07a51a958fe7',1,'\0'),(45,'Kaya','Prohaska','alisa74@example.net','72e0906bb2fe0f2478a07922e279312b2a39ca4f',23698,''),(46,'Khalil','Ward','marcelle.satterfield@example.net','28da8f9577527c58dfabbcf9ed498355b3c8958e',7,''),(47,'Jarret','Schmitt','nayeli.emmerich@example.net','91e459858bcf668ee6ce6055b52e8e689d766b95',1,'\0'),(48,'Virginia','Gislason','britney.fahey@example.org','d11f8b271195f8d755f0d775e01d69ec3cbf4107',1,''),(49,'Mozell','Tillman','hayden.gerhold@example.com','de5f41ef75357696c2324fda2c127ade0d34e305',1,''),(50,'Jena','Ziemann','sierra45@example.com','5ca6c01772a922239f7bcdf749c842a8b09e0e64',781832,'\0'),(51,'Ralph','Heaney','marjolaine88@example.org','d6fef6fe9c72fc62f3aeb35ffd51846af0264222',2058810292,''),(52,'Kali','Bauch','esperanza.emmerich@example.net','92b53c63f08ee3b49f05055feb1aedc1155eea7e',0,'\0'),(53,'Hassie','Weber','waino.borer@example.net','f9e11f6e65bbc8464fb986f8a9525e632134a9ce',1,'\0'),(54,'Helen','Zboncak','deondre68@example.org','2e12b242a7b4176111e7d0edef92f778272fc1f5',1,''),(55,'Shaun','Klein','dwintheiser@example.com','1034aaa78f48f3bf0dcb60bc77b377b5383cde24',0,'\0'),(56,'Robyn','Johnston','gcarter@example.net','cd7961a433c85df8abe6d8936be6dcf09a2b28b7',740,''),(57,'Haleigh','Jacobi','lebsack.edna@example.com','565019687018919dd20482b75594196eab47c2ec',0,''),(58,'Godfrey','Gislason','abbott.adah@example.org','b4215ef2a55d9c8266464dd8d02cf5770aac9436',1,''),(59,'Maudie','Brown','ulises26@example.com','7ee7a4e370cbf54b9fc1c3e00c351bfc760ff390',410930,'\0'),(60,'Dakota','Klein','jbode@example.com','f9dc19762ca30fa58f2819af5a96b64ed10b93ba',197334,'\0'),(61,'Rowan','Lindgren','vicenta61@example.org','858f447d07a1adf227010b9499c879652c983c90',713,''),(62,'Kim','O\'Kon','shakira11@example.net','3d6bcbd7964d47934d9f183df736735140740585',1,'\0'),(63,'Rex','Reichel','mkoch@example.com','47ae8c036e6778dac57d76ee9f6bce3aa82adcda',1,''),(64,'Fleta','Dietrich','tamia.rohan@example.net','ab8d87521bf00f7b31168a28cdff863c08c39d7c',4160322332,''),(65,'Marquis','Kerluke','harris.tremayne@example.net','0bcaba3824552c2d1d0dccf2c7d8c3aecbe0a45e',127152,'\0'),(66,'Ilene','Gerlach','bill.herman@example.com','2272cf05f6d5be91b93b7c74a48f7a87dd9edf25',616,'\0'),(67,'Damian','Borer','leffler.rigoberto@example.net','8936328daa094c116978116b24367b578ffab6e9',385,'\0'),(68,'Sydney','Ondricka','ratke.ignacio@example.net','93d55db8ed3cf777bf6e325c55f6fd9339d42a4f',880979,''),(69,'Friedrich','Mueller','kautzer.idella@example.net','6f37ab12094613f67a086e85174564e390bff75f',2152069675,''),(70,'Dessie','Fay','schamberger.elmira@example.com','2a522a0133555e99531d1a90fa3588f8bc06f877',42,'\0'),(71,'Kimberly','Jakubowski','ssmith@example.com','bf816b051765dd1dc498bacc21945632aa7ecb31',1,''),(72,'Mozell','Brakus','urban62@example.org','dccc099f5029b76b9465f0f6021a74648e5c2cdb',0,''),(73,'Candida','Feeney','dicki.everett@example.org','e1f7f721d51182d559ef1d55ff42561c8f8bba69',22,''),(74,'Giuseppe','Bernier','hackett.zola@example.org','52156bed95a1eec7ac5070f3c0ba3149aabacaa5',0,'\0'),(75,'Modesta','Reichel','elmo.schaden@example.com','052aff8c008338e634ff6fe63c37152862c90e11',69,'\0'),(76,'Merritt','Dooley','watsica.ashtyn@example.com','f619a265da1cac0ee06c777a65b2273c831ad7b0',1,'\0'),(77,'Ruben','Deckow','darrell.jaskolski@example.org','bb18204afd718c5f3680231984d65475f5827e63',1,'\0'),(78,'Domingo','Langworth','wendy60@example.com','726233359b0c02d2e34ed17a9bd44ca21aabcc97',966997,''),(79,'Sabrina','Goodwin','dayna.cruickshank@example.net','d6953205c3411712a91e365020faf6e648c5d2cc',1,''),(80,'Cody','Effertz','istreich@example.org','f874836543d574ad94245bdf917a3511d23ee063',55,''),(81,'Omari','Reinger','erik.monahan@example.org','796a7ace0fe25497eacfc2456ce1a5ae62d713c2',656,''),(82,'Whitney','Weimann','dino.zieme@example.org','6e699aa3f8aaf4e5299f6d8164a9f1c622ec9222',65,'\0'),(83,'Darrion','Connelly','sonya.moore@example.org','ccddf0babf6badab4982f15e465df5af8ebad23f',48,'\0'),(84,'Brigitte','Flatley','beatty.pietro@example.net','03a7c31871a93bd273d236c0d9ae8d0fbf4f28d8',0,''),(85,'Loyce','Runolfsdottir','reichert.ericka@example.net','c770beaab5a47ac359fb12f4ce312ba90acfc6f4',1,''),(86,'Minerva','Mann','vkuvalis@example.org','b9684c5aaa00def54e741c1f7cacd9096f641713',91163,'\0'),(87,'Noemy','Heidenreich','bashirian.damon@example.org','b39499117be93d94597029a3de978814d3da4179',10,''),(88,'Sandy','Fay','wbechtelar@example.com','df944b227895fe2ad5d04ff18f4bae3fc4418039',324069,'\0'),(89,'Evalyn','Lebsack','geo.huels@example.org','f374d4d968bf0868a188ee48ab4a8a86c07f95f3',156207,'\0'),(90,'Tiara','Conn','vconnelly@example.net','1c346cd22928ecc0196e57af040fee419b789b2e',1,'\0'),(91,'Genesis','Tremblay','ibartoletti@example.org','27f2f7763b1e6167372ce589709b928c38877975',1,'\0'),(92,'Monty','Parker','stone19@example.net','4d442ea5fb7d10816db53df60f6934bbf10d798c',0,''),(93,'Dario','Simonis','hoppe.cordelia@example.com','9bb1978eb07d3242349455ae17a8ca5584a0aa34',80,'\0'),(94,'Lizzie','O\'Connell','alejandrin.murphy@example.net','8151a07dcc440d9762ca3305938054b371411713',1,'\0'),(95,'Carolyne','Jakubowski','xlittel@example.net','a079e82808602c74af87c55063d63b1cf4b97ad0',0,'\0'),(96,'Alvena','Mayer','elinore.kerluke@example.org','1b6a2f2681e40bea01e30d97dc2bf776bd2ec0b4',855249,''),(97,'Toby','Gerhold','leda.ratke@example.com','be723349196b096913066782258adac9c6db09df',566,'\0'),(98,'Gustave','Sawayn','irwin.schroeder@example.com','3f64393d7bb0b3753bddbafd92918086aa6db6d0',50,'\0'),(99,'Evie','Stracke','hodkiewicz.sierra@example.org','6bf13388f259c56de059bde48cbfc6a6fcee92fa',293690,''),(100,'Georgette','Wisozk','johns.clinton@example.net','58e4101a1c73b00c23909bdd60905131d24d478d',397,'');
/*!40000 ALTER TABLE `users` ENABLE KEYS */;
UNLOCK TABLES;

--
-- Table structure for table `users_communities`
--

DROP TABLE IF EXISTS `users_communities`;
/*!40101 SET @saved_cs_client     = @@character_set_client */;
/*!40101 SET character_set_client = utf8 */;
CREATE TABLE `users_communities` (
  `user_id` bigint(20) unsigned NOT NULL,
  `community_id` bigint(20) unsigned NOT NULL,
  PRIMARY KEY (`user_id`,`community_id`),
  KEY `community_id` (`community_id`),
  CONSTRAINT `users_communities_ibfk_1` FOREIGN KEY (`user_id`) REFERENCES `users` (`id`) ON DELETE CASCADE ON UPDATE CASCADE,
  CONSTRAINT `users_communities_ibfk_2` FOREIGN KEY (`community_id`) REFERENCES `communities` (`id`) ON DELETE CASCADE ON UPDATE CASCADE
) ENGINE=InnoDB DEFAULT CHARSET=utf8mb4 COLLATE=utf8mb4_unicode_ci;
/*!40101 SET character_set_client = @saved_cs_client */;

--
-- Dumping data for table `users_communities`
--

LOCK TABLES `users_communities` WRITE;
/*!40000 ALTER TABLE `users_communities` DISABLE KEYS */;
INSERT INTO `users_communities` VALUES (1,1),(2,2),(3,3),(4,4),(5,5),(6,6),(7,7),(8,8),(9,9),(10,10),(11,11),(12,12),(13,13),(14,14),(15,15),(16,16),(17,17),(18,18),(19,19),(20,20),(21,21),(22,22),(23,23),(24,24),(25,25),(26,26),(27,27),(28,28),(29,29),(30,30),(31,31),(32,32),(33,33),(34,34),(35,35),(36,36),(37,37),(38,38),(39,39),(40,40),(41,41),(42,42),(43,43),(44,44),(45,45),(46,46),(47,47),(48,48),(49,49),(50,50),(51,51),(52,52),(53,53),(54,54),(55,55),(56,56),(57,57),(58,58),(59,59),(60,60),(61,61),(62,62),(63,63),(64,64),(65,65),(66,66),(67,67),(68,68),(69,69),(70,70),(71,71),(72,72),(73,73),(74,74),(75,75),(76,76),(77,77),(78,78),(79,79),(80,80),(81,81),(82,82),(83,83),(84,84),(85,85),(86,86),(87,87),(88,88),(89,89),(90,90),(91,91),(92,92),(93,93),(94,94),(95,95),(96,96),(97,97),(98,98),(99,99),(100,100);
/*!40000 ALTER TABLE `users_communities` ENABLE KEYS */;
UNLOCK TABLES;
/*!40103 SET TIME_ZONE=@OLD_TIME_ZONE */;

/*!40101 SET SQL_MODE=@OLD_SQL_MODE */;
/*!40014 SET FOREIGN_KEY_CHECKS=@OLD_FOREIGN_KEY_CHECKS */;
/*!40014 SET UNIQUE_CHECKS=@OLD_UNIQUE_CHECKS */;
/*!40101 SET CHARACTER_SET_CLIENT=@OLD_CHARACTER_SET_CLIENT */;
/*!40101 SET CHARACTER_SET_RESULTS=@OLD_CHARACTER_SET_RESULTS */;
/*!40101 SET COLLATION_CONNECTION=@OLD_COLLATION_CONNECTION */;
/*!40111 SET SQL_NOTES=@OLD_SQL_NOTES */;

-- Dump completed on 2022-11-06 14:45:06
